{"stats":{"minecraft:mined":{"minecraft:oak_leaves":2},"minecraft:custom":{"minecraft:jump":62,"minecraft:time_since_rest":2417,"minecraft:leave_game":1,"minecraft:walk_on_water_one_cm":534,"minecraft:sprint_one_cm":6010,"minecraft:play_time":2417,"minecraft:damage_taken":60,"minecraft:time_since_death":2417,"minecraft:walk_one_cm":2310,"minecraft:sneak_time":35,"minecraft:climb_one_cm":1119,"minecraft:total_world_time":2417,"minecraft:walk_under_water_one_cm":186,"minecraft:swim_one_cm":915,"minecraft:fall_one_cm":2379,"minecraft:fly_one_cm":13458}},"DataVersion":3465}