{"stats":{"minecraft:dropped":{"minecraft:bread":20,"minecraft:birch_planks":15,"minecraft:wheat_seeds":14,"minecraft:oak_log":8,"minecraft:crafting_table":1,"alexsmobs:kangaroo_meat":6,"minecraft:lead":1,"minecraft:apple":17,"minecraft:cracked_stone_bricks":1,"minecraft:activator_rail":2,"minecraft:copper_ingot":2,"minecraft:flint":3,"minecraft:dirt":23,"mca:book_romance":2,"minecraft:torch":1,"minecraft:cut_sandstone":4,"minecraft:fire_charge":2,"gravestone:obituary":5,"minecraft:iron_pickaxe":1,"minecraft:stone_axe":1,"minecraft:moss_carpet":1,"minecraft:detector_rail":1,"alexsmobs:animal_dictionary":2,"minecraft:birch_sapling":5,"minecraft:wheat":63,"quark:crimson_chest":2,"minecraft:white_bed":1,"minecraft:pumpkin_seeds":2,"minecraft:poppy":92,"minecraft:potato":11,"minecraft:orange_terracotta":9,"quark:hollow_oak_log":3,"minecraft:beetroot_seeds":4,"minecraft:melon_seeds":2,"minecraft:chest":1,"minecraft:wooden_pickaxe":2},"minecraft:killed_by":{"minecraft:creeper":3,"minecraft:zombie":1,"alexsmobs:kangaroo":1},"minecraft:crafted":{"minecraft:birch_boat":1,"minecraft:leather":2,"minecraft:stone_pickaxe":1,"minecraft:wheat":198,"minecraft:crafting_table":5,"minecraft:wooden_pickaxe":1,"minecraft:birch_planks":160,"minecraft:stone_axe":4,"minecraft:bread":21,"minecraft:stick":8,"minecraft:wooden_axe":2,"minecraft:torch":4},"minecraft:used":{"minecraft:azalea":3,"minecraft:shield":14,"minecraft:iron_sword":95,"minecraft:torch":8,"minecraft:dirt":4,"alexsmobs:cooked_kangaroo_meat":2,"minecraft:wooden_axe":111,"minecraft:iron_boots":1,"minecraft:oak_sapling":3,"minecraft:golden_axe":35,"minecraft:stone_pickaxe":98,"minecraft:wooden_pickaxe":19,"minecraft:birch_boat":5,"minecraft:crafting_table":9,"minecraft:apple":12,"minecraft:bread":15,"minecraft:stone_axe":302,"minecraft:yellow_bed":2,"quark:oak_chest":2},"minecraft:picked_up":{"quark:crimson_chest":2,"minecraft:crafting_table":5,"minecraft:chest_minecart":1,"minecraft:lead":1,"quark:hollow_oak_log":3,"minecraft:wooden_pickaxe":1,"biomesoplenty:jacaranda_sapling":38,"minecraft:brewing_stand":1,"minecraft:shield":1,"minecraft:string":9,"minecraft:moss_carpet":1,"minecraft:flint_and_steel":2,"minecraft:activator_rail":2,"minecraft:cracked_stone_bricks":1,"minecraft:detector_rail":1,"minecraft:beef":1,"minecraft:rose_bush":63,"minecraft:azalea":3,"minecraft:poppy":220,"minecraft:iron_pickaxe":1,"minecraft:lectern":2,"minecraft:chest":1,"minecraft:birch_sapling":5,"minecraft:iron_boots":1,"minecraft:stick":30,"minecraft:copper_ingot":2,"minecraft:torch":7,"minecraft:porkchop":8,"quark:blossom_log":119,"minecraft:fire_charge":2,"minecraft:golden_axe":1,"biomesoplenty:jacaranda_log":55,"minecraft:beetroot_seeds":4,"quark:orange_blossom_sapling":6,"minecraft:hay_block":32,"minecraft:mutton":17,"minecraft:white_wool":7,"minecraft:cobblestone":26,"minecraft:rail":19,"alexsmobs:kangaroo_meat":6,"minecraft:bone_block":44,"minecraft:birch_log":40,"minecraft:feather":1,"minecraft:cut_sandstone":4,"minecraft:leather":22,"minecraft:golden_leggings":1,"minecraft:potato":13,"minecraft:flint":3,"minecraft:oak_log":8,"alexsmobs:cooked_kangaroo_meat":2,"minecraft:yellow_bed":2,"mca:book_romance":1,"minecraft:dirt":27,"minecraft:orange_terracotta":9,"minecraft:apple":29,"minecraft:wheat_seeds":21,"biomesoplenty:magic_log":61,"minecraft:iron_sword":1,"minecraft:book":24,"biomesoplenty:magic_sapling":16,"biomesoplenty:waterlily":15,"minecraft:birch_boat":4,"minecraft:white_bed":1,"minecraft:spider_eye":1,"quark:oak_chest":2,"alexsmobs:animal_dictionary":1,"alexsmobs:kangaroo_hide":4,"minecraft:pumpkin_seeds":2,"minecraft:stone_axe":1,"minecraft:bread":32,"minecraft:oak_sapling":4,"minecraft:melon_seeds":2,"minecraft:coal":26},"minecraft:custom":{"minecraft:mob_kills":55,"minecraft:animals_bred":1,"minecraft:interact_with_crafting_table":15,"minecraft:leave_game":1,"minecraft:time_since_death":1256,"minecraft:climb_one_cm":155,"minecraft:sprint_one_cm":261330,"minecraft:walk_one_cm":281352,"minecraft:damage_blocked_by_shield":305,"minecraft:drop":64,"minecraft:play_time":125018,"minecraft:deaths":5,"minecraft:sneak_time":6756,"minecraft:walk_under_water_one_cm":23172,"minecraft:boat_one_cm":362386,"minecraft:jump":2468,"minecraft:walk_on_water_one_cm":19667,"minecraft:total_world_time":125018,"minecraft:interact_with_furnace":7,"minecraft:sleep_in_bed":3,"minecraft:time_since_rest":1065,"minecraft:damage_taken":2120,"minecraft:damage_dealt":9537,"minecraft:swim_one_cm":12524,"minecraft:fly_one_cm":530445,"minecraft:player_kills":1,"minecraft:open_chest":14,"minecraft:crouch_one_cm":20484,"minecraft:fall_one_cm":72165},"minecraft:killed":{"minecraft:spider":15,"minecraft:skeleton":4,"minecraft:llama":10,"alexsmobs:kangaroo":4,"minecraft:pig":4,"minecraft:wandering_trader":1,"minecraft:creeper":1,"minecraft:sheep":9,"minecraft:trader_llama":1,"minecraft:goat":1,"minecraft:zombie":3,"minecraft:cow":1},"minecraft:mined":{"biomesoplenty:spanish_moss":2,"biomesoplenty:watergrass":19,"minecraft:white_bed":1,"minecraft:brewing_stand":1,"gravestone:gravestone":5,"biomesoplenty:bush":2,"minecraft:grass_block":4,"biomesoplenty:dried_salt":7,"minecraft:oxeye_daisy":1,"minecraft:hay_block":32,"biomesoplenty:jacaranda_log":60,"minecraft:fire":1,"biomesoplenty:magic_log":58,"minecraft:bookshelf":8,"minecraft:dirt_path":1,"minecraft:rail":2,"minecraft:stone":26,"minecraft:bone_block":44,"minecraft:podzol":1,"biomesoplenty:jacaranda_leaves":1,"minecraft:cut_sandstone":4,"quark:oak_chest":2,"minecraft:orange_terracotta":10,"minecraft:crafting_table":7,"minecraft:torch":4,"minecraft:poppy":294,"minecraft:chest":1,"minecraft:rose_bush":85,"minecraft:lectern":2,"quark:blossom_log":132,"minecraft:tall_grass":7,"biomesoplenty:huge_clover_petal":8,"biomesoplenty:sprout":28,"minecraft:wall_torch":3,"minecraft:seagrass":1,"biomesoplenty:spanish_moss_plant":1,"minecraft:birch_log":43,"minecraft:birch_leaves":1,"minecraft:yellow_bed":2,"biomesoplenty:waterlily":15,"minecraft:grass":198,"biomesoplenty:clover":25,"minecraft:oak_log":25,"minecraft:coal_ore":21,"minecraft:dirt":9,"quark:hollow_oak_log":3,"minecraft:cracked_stone_bricks":1,"quark:crimson_chest":1,"minecraft:oak_leaves":2,"minecraft:fern":9},"minecraft:broken":{"minecraft:golden_axe":1,"minecraft:stone_axe":2,"minecraft:wooden_axe":2}},"DataVersion":3465}