{"stats":{"minecraft:killed":{"minecraft:skeleton":2,"minecraft:glow_squid":3},"minecraft:dropped":{"vanillaplustools:diamond_hammer":1,"alexsmobs:animal_dictionary":1,"minecraft:cobbled_deepslate":620,"minecraft:diamond":177,"minecraft:crafting_table":1,"minecraft:tuff":411,"minecraft:raw_iron":142,"minecraft:cobblestone":292,"minecraft:granite":16,"minecraft:dirt":14,"minecraft:diorite":45,"minecraft:diamond_pickaxe":9,"minecraft:oak_sapling":2,"minecraft:wooden_pickaxe":1},"minecraft:crafted":{"minecraft:oak_planks":52,"minecraft:raw_iron":27,"minecraft:crafting_table":2,"minecraft:wooden_pickaxe":1,"minecraft:furnace":1,"minecraft:stone_axe":2,"minecraft:air":0,"vanillaplustools:iron_hammer":1,"minecraft:diamond_pickaxe":18,"minecraft:stick":72,"minecraft:iron_ingot":81,"minecraft:iron_pickaxe":11,"minecraft:stone_pickaxe":1,"vanillaplustools:diamond_hammer":1,"minecraft:torch":4},"minecraft:broken":{"minecraft:stone_pickaxe":1,"vanillaplustools:diamond_hammer":1,"vanillaplustools:iron_hammer":1,"minecraft:iron_pickaxe":1},"minecraft:picked_up":{"minecraft:magma_block":10,"minecraft:crafting_table":2,"minecraft:glow_ink_sac":5,"vanillaplustools:diamond_hammer":2,"minecraft:tuff":637,"minecraft:oak_log":17,"minecraft:lapis_lazuli":126,"minecraft:dirt":15,"minecraft:bone":2,"minecraft:cobbled_deepslate":1024,"minecraft:raw_gold":139,"minecraft:oak_planks":5,"minecraft:furnace":1,"minecraft:raw_iron":567,"minecraft:cooked_porkchop":3,"minecraft:torch":3,"minecraft:raw_iron_block":3,"minecraft:gravel":4,"minecraft:diorite":45,"minecraft:redstone":122,"minecraft:arrow":2,"minecraft:diamond":324,"minecraft:granite":16,"minecraft:oak_sapling":2,"minecraft:coal":172,"minecraft:cobblestone":616},"minecraft:used":{"minecraft:stone_pickaxe":131,"minecraft:wooden_pickaxe":10,"minecraft:torch":6,"vanillaplustools:diamond_hammer":1735,"minecraft:dirt":1,"minecraft:crafting_table":3,"minecraft:tuff":98,"minecraft:bread":3,"minecraft:iron_pickaxe":455,"minecraft:stone_axe":35,"minecraft:magma_block":9,"minecraft:cobblestone":51,"vanillaplustools:iron_hammer":250,"minecraft:furnace":2,"minecraft:cooked_porkchop":3,"minecraft:cobbled_deepslate":34},"minecraft:custom":{"minecraft:interact_with_furnace":21,"minecraft:mob_kills":5,"minecraft:interact_with_crafting_table":17,"minecraft:leave_game":1,"minecraft:time_since_death":107995,"minecraft:time_since_rest":107995,"minecraft:sprint_one_cm":46873,"minecraft:damage_taken":370,"minecraft:walk_one_cm":160781,"minecraft:drop":85,"minecraft:damage_dealt":726,"minecraft:swim_one_cm":50411,"minecraft:fly_one_cm":62438,"minecraft:open_chest":3,"minecraft:crouch_one_cm":165110,"minecraft:play_time":107995,"minecraft:sneak_time":38250,"minecraft:walk_under_water_one_cm":31928,"minecraft:jump":1066,"minecraft:interact_with_blast_furnace":2,"minecraft:walk_on_water_one_cm":3859,"minecraft:total_world_time":107995,"minecraft:fall_one_cm":11637},"minecraft:mined":{"minecraft:deepslate_redstone_ore":98,"minecraft:tuff":1796,"minecraft:deepslate_diamond_ore":288,"minecraft:powder_snow":1,"minecraft:clay":1,"minecraft:crafting_table":2,"minecraft:granite":68,"minecraft:grass_block":2,"minecraft:copper_ore":3,"minecraft:tall_grass":1,"minecraft:cobblestone":6,"minecraft:lapis_ore":6,"minecraft:deepslate_gold_ore":130,"minecraft:moss_block":2,"minecraft:diorite":251,"minecraft:spawner":1,"minecraft:deepslate_copper_ore":4,"minecraft:magma_block":10,"minecraft:raw_iron_block":5,"minecraft:furnace":1,"minecraft:iron_ore":135,"minecraft:andesite":108,"minecraft:deepslate_lapis_ore":29,"minecraft:oak_log":22,"minecraft:coal_ore":207,"minecraft:deepslate_iron_ore":313,"minecraft:gravel":12,"minecraft:dirt":10,"minecraft:stone":1687,"minecraft:gold_ore":12,"minecraft:deepslate":11810,"minecraft:infested_stone":2,"minecraft:infested_deepslate":3}},"DataVersion":3465}