{"stats":{"minecraft:crafted":{"minecraft:stick":4,"minecraft:wooden_pickaxe":1,"minecraft:wooden_axe":1,"minecraft:birch_planks":16},"minecraft:dropped":{"minecraft:wooden_axe":1},"minecraft:used":{"minecraft:wooden_axe":41,"minecraft:wooden_pickaxe":9,"minecraft:cobblestone":2},"minecraft:killed":{"minecraft:spider":2},"minecraft:picked_up":{"minecraft:wooden_axe":1,"minecraft:birch_log":28,"minecraft:stick":5,"alexsmobs:ambergris":1,"minecraft:sand":1,"alexsmobs:animal_dictionary":1,"minecraft:spider_eye":1,"minecraft:string":1,"minecraft:dirt":10,"alexsmobs:maggot":1,"minecraft:birch_sapling":5,"minecraft:cobblestone":9},"minecraft:mined":{"minecraft:birch_log":25,"minecraft:grass_block":2,"minecraft:sand":1,"minecraft:dirt":8,"minecraft:stone":9,"biomesoplenty:redwood_wood":2,"minecraft:fern":1},"minecraft:custom":{"minecraft:time_since_rest":21792,"minecraft:sprint_one_cm":21592,"minecraft:damage_taken":150,"minecraft:walk_one_cm":24408,"minecraft:mob_kills":2,"minecraft:drop":1,"minecraft:damage_dealt":472,"minecraft:player_kills":1,"minecraft:fly_one_cm":38476,"minecraft:interact_with_crafting_table":2,"minecraft:swim_one_cm":477,"minecraft:crouch_one_cm":3401,"minecraft:play_time":21792,"minecraft:sneak_time":1597,"minecraft:walk_under_water_one_cm":44,"minecraft:jump":155,"minecraft:leave_game":1,"minecraft:time_since_death":21792,"minecraft:walk_on_water_one_cm":451,"minecraft:total_world_time":21792,"minecraft:fall_one_cm":4383}},"DataVersion":3465}