{"stats":{"minecraft:dropped":{"minecraft:bread":31,"minecraft:iron_sword":1,"minecraft:wheat_seeds":2,"alexsmobs:kangaroo_meat":1,"minecraft:golden_axe":1,"minecraft:cobblestone":1,"minecraft:leather":8,"minecraft:copper_ingot":1,"minecraft:flint":3,"mca:book_romance":1,"minecraft:fire_charge":4,"gravestone:obituary":1,"minecraft:moss_carpet":1,"alexsmobs:animal_dictionary":1,"biomesoplenty:redwood_sapling":1,"minecraft:rotten_flesh":13,"minecraft:iron_boots":1,"minecraft:white_bed":1,"minecraft:flint_and_steel":2,"alexsmobs:cooked_kangaroo_meat":2,"minecraft:shield":1,"minecraft:melon_seeds":2,"minecraft:golden_leggings":1,"minecraft:azalea":3,"minecraft:oak_sapling":1,"minecraft:birch_boat":1,"biomesoplenty:magic_log":1,"minecraft:wooden_pickaxe":1},"minecraft:killed_by":{"minecraft:player":1,"minecraft:skeleton":1,"minecraft:zombie":2},"minecraft:used":{"minecraft:chest":1,"minecraft:shield":9,"minecraft:wooden_shovel":62,"minecraft:cooked_salmon":3,"minecraft:torch":1,"minecraft:dirt":7,"alexsmobs:cooked_kangaroo_meat":3,"minecraft:wooden_axe":10,"minecraft:iron_axe":52,"minecraft:birch_sapling":5,"minecraft:furnace":5,"minecraft:cooked_beef":3,"minecraft:golden_axe":89,"minecraft:cooked_mutton":7,"minecraft:stone_pickaxe":32,"minecraft:wooden_pickaxe":22,"minecraft:white_wool":4,"minecraft:rail":1,"minecraft:crafting_table":11,"minecraft:white_bed":2,"minecraft:apple":9,"minecraft:bread":2,"minecraft:iron_pickaxe":1,"alexsmobs:kangaroo_meat":1,"minecraft:stone_axe":102,"minecraft:yellow_bed":1,"minecraft:chest_minecart":1,"alexsmobs:animal_dictionary":1},"minecraft:crafted":{"minecraft:oak_planks":44,"minecraft:cooked_chicken":3,"minecraft:furnace":1,"minecraft:cooked_mutton":1,"minecraft:iron_axe":1,"minecraft:stone_pickaxe":1,"minecraft:chest":1,"minecraft:wheat":99,"minecraft:cooked_beef":17,"quark:azalea_planks":4,"minecraft:wooden_shovel":1,"minecraft:crafting_table":1,"minecraft:wooden_pickaxe":1,"alexsmobs:cooked_kangaroo_meat":5,"minecraft:iron_sword":1,"minecraft:birch_planks":8,"minecraft:stone_axe":1,"minecraft:air":0,"minecraft:bread":36,"minecraft:shield":2,"minecraft:stick":12,"minecraft:wooden_axe":1},"minecraft:picked_up":{"minecraft:crafting_table":11,"minecraft:azure_bluet":14,"minecraft:chicken":3,"minecraft:chest_minecart":1,"minecraft:lead":1,"minecraft:wooden_pickaxe":1,"biomesoplenty:jacaranda_sapling":30,"quark:azalea_log":7,"minecraft:string":6,"minecraft:moss_carpet":2,"minecraft:cooked_salmon":3,"minecraft:activator_rail":2,"minecraft:red_sand":1,"minecraft:beef":17,"minecraft:azalea":3,"minecraft:poppy":64,"minecraft:iron_pickaxe":1,"biomesoplenty:wildflower":2,"minecraft:birch_sapling":5,"minecraft:furnace":5,"minecraft:stick":24,"minecraft:copper_ingot":2,"minecraft:torch":1,"minecraft:fire_charge":2,"minecraft:arrow":3,"minecraft:rotten_flesh":14,"biomesoplenty:jacaranda_log":52,"minecraft:hay_block":11,"biomesoplenty:redwood_sapling":1,"minecraft:mutton":7,"minecraft:rail":7,"alexsmobs:kangaroo_meat":7,"minecraft:white_wool":4,"minecraft:cobblestone":33,"biomesoplenty:lavender":3,"minecraft:birch_log":2,"minecraft:feather":3,"biomesoplenty:dried_salt":22,"minecraft:cut_sandstone":1,"minecraft:leather":8,"minecraft:oak_log":18,"minecraft:yellow_bed":1,"minecraft:dirt":102,"minecraft:orange_terracotta":11,"minecraft:cooked_mutton":6,"minecraft:bone":2,"minecraft:apple":9,"minecraft:wheat_seeds":10,"biomesoplenty:magic_log":4,"minecraft:flowering_azalea":2,"biomesoplenty:magic_sapling":2,"minecraft:birch_boat":1,"minecraft:sand":38,"minecraft:white_bed":3,"minecraft:spider_eye":1,"biomesoplenty:flowering_oak_sapling":2,"minecraft:bread":20,"minecraft:terracotta":6,"biomesoplenty:pink_daffodil":1,"minecraft:oak_sapling":2,"minecraft:melon_seeds":2,"minecraft:coal":79},"minecraft:custom":{"minecraft:mob_kills":35,"minecraft:interact_with_crafting_table":17,"minecraft:leave_game":2,"minecraft:time_since_death":28215,"minecraft:sprint_one_cm":303196,"minecraft:walk_one_cm":285799,"minecraft:damage_blocked_by_shield":145,"minecraft:drop":43,"minecraft:play_time":113076,"minecraft:deaths":4,"minecraft:sneak_time":529,"minecraft:walk_under_water_one_cm":24644,"minecraft:boat_one_cm":80,"minecraft:jump":1277,"minecraft:walk_on_water_one_cm":12495,"minecraft:total_world_time":113076,"minecraft:interact_with_furnace":18,"minecraft:sleep_in_bed":6,"minecraft:time_since_rest":1065,"minecraft:damage_taken":2306,"minecraft:damage_dealt":5156,"minecraft:swim_one_cm":16974,"minecraft:fly_one_cm":237440,"minecraft:open_chest":15,"minecraft:crouch_one_cm":905,"minecraft:fall_one_cm":29297},"minecraft:killed":{"minecraft:spider":5,"minecraft:skeleton":2,"minecraft:chicken":3,"minecraft:drowned":1,"minecraft:husk":2,"minecraft:sheep":4,"minecraft:zombie":9,"minecraft:cow":7},"minecraft:mined":{"minecraft:white_bed":2,"quark:azalea_log":7,"gravestone:gravestone":4,"minecraft:red_sand":1,"biomesoplenty:bush":2,"minecraft:grass_block":52,"biomesoplenty:dried_salt":27,"biomesoplenty:dead_grass":1,"minecraft:hay_block":11,"biomesoplenty:jacaranda_log":54,"minecraft:furnace":5,"biomesoplenty:lavender":3,"minecraft:azure_bluet":16,"biomesoplenty:magic_log":6,"biomesoplenty:high_grass":2,"minecraft:stone":32,"minecraft:cut_sandstone":1,"biomesoplenty:wildflower":2,"minecraft:crafting_table":8,"minecraft:tall_grass":1,"biomesoplenty:huge_clover_petal":143,"minecraft:birch_log":2,"biomesoplenty:pink_daffodil":1,"minecraft:yellow_bed":1,"minecraft:grass":60,"biomesoplenty:clover":72,"minecraft:oak_log":22,"minecraft:coal_ore":17,"minecraft:sand":41,"minecraft:dirt":21,"minecraft:oak_leaves":1},"minecraft:broken":{"minecraft:wooden_shovel":1,"minecraft:golden_leggings":1,"minecraft:golden_axe":2,"minecraft:stone_axe":1}},"DataVersion":3465}