{"stats":{"minecraft:crafted":{"minecraft:crafting_table":1,"minecraft:stick":8,"minecraft:wooden_pickaxe":1,"minecraft:iron_ingot":1,"minecraft:stone_pickaxe":1,"minecraft:wooden_axe":1,"minecraft:furnace":1,"minecraft:birch_planks":28,"minecraft:stone_axe":1,"minecraft:air":0},"minecraft:used":{"minecraft:wooden_axe":26,"minecraft:stone_pickaxe":79,"minecraft:wooden_pickaxe":18,"minecraft:stone_axe":32,"minecraft:dirt":1,"minecraft:cobblestone":1,"minecraft:crafting_table":3,"minecraft:furnace":1},"minecraft:killed":{"minecraft:chicken":2},"minecraft:picked_up":{"minecraft:birch_log":28,"minecraft:stick":3,"minecraft:crafting_table":3,"minecraft:raw_iron":1,"minecraft:chicken":2,"minecraft:andesite":2,"minecraft:cherry_log":18,"minecraft:dirt":1,"minecraft:cherry_sapling":10,"minecraft:sugar_cane":9,"minecraft:birch_sapling":3,"minecraft:coal":92,"minecraft:cobblestone":42,"minecraft:furnace":1},"minecraft:mined":{"minecraft:furnace":1,"minecraft:birch_log":26,"minecraft:iron_ore":1,"minecraft:cherry_log":25,"minecraft:andesite":2,"minecraft:crafting_table":3,"minecraft:grass":1,"biomesoplenty:clover":1,"minecraft:coal_ore":51,"minecraft:cobblestone":1,"minecraft:stone":41,"minecraft:sugar_cane":3},"minecraft:custom":{"minecraft:time_since_rest":15204,"minecraft:interact_with_furnace":2,"minecraft:sprint_one_cm":31279,"minecraft:damage_taken":30,"minecraft:walk_one_cm":45194,"minecraft:mob_kills":2,"minecraft:damage_dealt":80,"minecraft:swim_one_cm":5003,"minecraft:interact_with_crafting_table":4,"minecraft:fly_one_cm":17454,"minecraft:play_time":15204,"minecraft:sneak_time":319,"minecraft:walk_under_water_one_cm":10289,"minecraft:jump":127,"minecraft:leave_game":1,"minecraft:time_since_death":15204,"minecraft:walk_on_water_one_cm":18997,"minecraft:total_world_time":15204,"minecraft:fall_one_cm":2857}},"DataVersion":3465}