{"stats":{"minecraft:picked_up":{"minecraft:wheat_seeds":1,"alexsmobs:lobster_tail":2},"minecraft:killed":{"alexsmobs:lobster":3},"minecraft:used":{"alexsmobs:animal_dictionary":3,"alexsmobs:lobster_tail":1},"minecraft:custom":{"minecraft:jump":59,"minecraft:time_since_rest":6475,"minecraft:damage_dealt":144,"minecraft:walk_on_water_one_cm":1276,"minecraft:leave_game":2,"minecraft:play_time":6475,"minecraft:sprint_one_cm":12606,"minecraft:damage_taken":100,"minecraft:time_since_death":6475,"minecraft:walk_one_cm":9685,"minecraft:sneak_time":170,"minecraft:total_world_time":6475,"minecraft:climb_one_cm":41,"minecraft:walk_under_water_one_cm":5211,"minecraft:mob_kills":3,"minecraft:swim_one_cm":2569,"minecraft:fall_one_cm":2388,"minecraft:fly_one_cm":8973}},"DataVersion":3465}