{"stats":{"minecraft:killed":{"minecraft:cave_spider":1,"minecraft:spider":2,"minecraft:skeleton":8,"minecraft:chicken":2,"minecraft:pig":7,"minecraft:sheep":4,"alexsmobs:catfish":1,"minecraft:zombie":8,"minecraft:cow":1},"minecraft:dropped":{"minecraft:iron_ingot":32,"minecraft:bread":2,"minecraft:iron_sword":1,"minecraft:birch_planks":50,"minecraft:crafting_table":2,"minecraft:cooked_porkchop":3,"minecraft:iron_helmet":1,"minecraft:leather_helmet":4,"minecraft:stick":8,"minecraft:iron_leggings":3,"alexsmobs:cooked_catfish":1,"gravestone:obituary":7,"minecraft:iron_pickaxe":2,"minecraft:string":3,"alexsmobs:animal_dictionary":1,"minecraft:oak_planks":3,"minecraft:iron_boots":2,"minecraft:cooked_mutton":3,"minecraft:shield":2,"minecraft:iron_chestplate":2,"minecraft:leather_boots":4,"minecraft:birch_door":2,"sophisticatedbackpacks:copper_backpack":1,"minecraft:stone_pickaxe":1},"minecraft:broken":{"minecraft:iron_shovel":1,"minecraft:stone_axe":1,"minecraft:iron_pickaxe":1},"minecraft:crafted":{"minecraft:oak_planks":20,"minecraft:smooth_stone":3,"minecraft:raw_iron":9,"quark:birch_chest":2,"minecraft:cooked_chicken":1,"minecraft:furnace":1,"minecraft:blast_furnace":1,"mca:bouquet":1,"quark:deepslate_furnace":1,"minecraft:cooked_mutton":6,"minecraft:iron_boots":2,"minecraft:iron_axe":1,"minecraft:stone_pickaxe":1,"alexsmobs:cooked_catfish":3,"minecraft:cooked_beef":2,"minecraft:deepslate":4,"minecraft:cooked_porkchop":13,"minecraft:crafting_table":1,"minecraft:wooden_pickaxe":1,"minecraft:iron_helmet":1,"minecraft:iron_sword":2,"minecraft:bucket":1,"minecraft:birch_planks":76,"minecraft:stone_axe":2,"minecraft:air":0,"minecraft:iron_chestplate":2,"minecraft:shield":2,"minecraft:stick":16,"minecraft:iron_ingot":143,"minecraft:iron_pickaxe":3,"minecraft:iron_block":1,"minecraft:iron_shovel":2,"minecraft:iron_leggings":2,"minecraft:white_bed":1},"minecraft:picked_up":{"minecraft:crafting_table":7,"minecraft:iron_chestplate":2,"minecraft:birch_door":2,"minecraft:allium":4,"minecraft:chicken":2,"quark:hollow_oak_log":1,"minecraft:wooden_pickaxe":1,"minecraft:enchanted_book":1,"gravestone:obituary":4,"minecraft:shield":2,"minecraft:string":4,"alexsmobs:cooked_catfish":1,"minecraft:iron_leggings":3,"minecraft:cobbled_deepslate":141,"minecraft:beef":3,"minecraft:iron_pickaxe":1,"biomesoplenty:wildflower":13,"minecraft:birch_sapling":3,"minecraft:iron_boots":2,"minecraft:furnace":11,"minecraft:golden_helmet":1,"minecraft:stick":18,"minecraft:raw_iron":256,"minecraft:torch":87,"minecraft:porkchop":13,"quark:deepslate_furnace":4,"minecraft:diorite":5,"minecraft:arrow":21,"minecraft:rotten_flesh":4,"minecraft:gold_ingot":9,"sophisticatedbackpacks:copper_backpack":1,"minecraft:mutton":6,"alexsmobs:lobster_tail":1,"minecraft:white_wool":4,"minecraft:cobblestone":37,"minecraft:birch_log":19,"minecraft:feather":3,"minecraft:andesite":8,"minecraft:leather":2,"minecraft:birch_planks":29,"minecraft:tuff":92,"minecraft:oak_log":5,"minecraft:lapis_lazuli":32,"minecraft:dirt":519,"quark:forgotten_hat":2,"minecraft:name_tag":2,"minecraft:leather_boots":4,"minecraft:bone":25,"minecraft:wheat_seeds":17,"minecraft:raw_gold":14,"minecraft:iron_ingot":18,"minecraft:iron_sword":1,"minecraft:oak_planks":3,"minecraft:cooked_porkchop":2,"minecraft:pumpkin":4,"minecraft:raw_iron_block":4,"minecraft:blast_furnace":1,"minecraft:white_bed":5,"minecraft:spider_eye":3,"minecraft:leather_helmet":4,"alexsmobs:raw_catfish":3,"minecraft:pumpkin_seeds":3,"minecraft:diamond":10,"minecraft:oak_sapling":5,"minecraft:coal":194,"minecraft:ender_pearl":1},"minecraft:custom":{"minecraft:mob_kills":34,"minecraft:interact_with_crafting_table":46,"minecraft:leave_game":2,"minecraft:time_since_death":49887,"minecraft:sprint_one_cm":283849,"minecraft:walk_one_cm":402028,"minecraft:damage_blocked_by_shield":650,"minecraft:drop":54,"minecraft:damage_dealt_absorbed":80,"minecraft:play_time":124267,"minecraft:deaths":3,"minecraft:sneak_time":5626,"minecraft:walk_under_water_one_cm":6266,"minecraft:jump":1373,"minecraft:interact_with_blast_furnace":20,"minecraft:walk_on_water_one_cm":14670,"minecraft:total_world_time":124267,"minecraft:interact_with_furnace":115,"minecraft:sleep_in_bed":3,"minecraft:time_since_rest":11471,"minecraft:damage_taken":2093,"minecraft:damage_dealt":5551,"minecraft:swim_one_cm":11032,"minecraft:fly_one_cm":147210,"minecraft:open_chest":15,"minecraft:crouch_one_cm":17439,"minecraft:fall_one_cm":28704},"minecraft:used":{"quark:birch_chest":2,"minecraft:iron_shovel":528,"minecraft:shield":14,"minecraft:iron_sword":68,"minecraft:cooked_chicken":1,"minecraft:rotten_flesh":3,"minecraft:torch":8,"minecraft:dirt":268,"alexsmobs:lobster_tail":1,"quark:deepslate_furnace":3,"minecraft:iron_axe":31,"minecraft:furnace":11,"minecraft:cooked_beef":2,"minecraft:cobbled_deepslate":47,"minecraft:cooked_mutton":3,"alexsmobs:cooked_catfish":2,"minecraft:diorite":5,"minecraft:stone_pickaxe":57,"minecraft:wooden_pickaxe":10,"minecraft:crafting_table":6,"minecraft:blast_furnace":2,"minecraft:white_bed":5,"quark:hollow_oak_log":1,"minecraft:chicken":1,"minecraft:iron_pickaxe":275,"minecraft:deepslate":4,"minecraft:stone_axe":113,"minecraft:cobblestone":20,"minecraft:cooked_porkchop":9,"minecraft:andesite":8},"minecraft:killed_by":{"quark:forgotten":1,"minecraft:zombie":2},"minecraft:mined":{"minecraft:tuff":21,"minecraft:white_bed":4,"minecraft:deepslate_diamond_ore":3,"biomesoplenty:desert_grass":6,"gravestone:gravestone":2,"biomesoplenty:bush":7,"minecraft:allium":4,"minecraft:grass_block":241,"minecraft:raw_iron_block":3,"minecraft:sculk_catalyst":5,"minecraft:furnace":10,"minecraft:iron_ore":24,"minecraft:cobbled_deepslate":1,"minecraft:andesite":8,"minecraft:pumpkin":2,"minecraft:deepslate_lapis_ore":2,"minecraft:sculk_shrieker":1,"minecraft:deepslate_iron_ore":39,"minecraft:stone":40,"biomesoplenty:wildflower":12,"minecraft:powder_snow":10,"minecraft:crafting_table":6,"minecraft:blast_furnace":2,"minecraft:sculk_sensor":9,"minecraft:tall_grass":3,"minecraft:deepslate_gold_ore":6,"minecraft:sculk":97,"minecraft:birch_log":21,"minecraft:lilac":1,"minecraft:birch_leaves":1,"quark:deepslate_furnace":3,"minecraft:grass":104,"minecraft:oak_log":5,"minecraft:coal_ore":32,"minecraft:dirt":281,"quark:hollow_oak_log":1,"minecraft:cobweb":1,"minecraft:gold_ore":2,"minecraft:oak_leaves":14,"minecraft:deepslate":33}},"DataVersion":3465}