{"stats":{"minecraft:picked_up":{"minecraft:wheat_seeds":1},"minecraft:custom":{"minecraft:jump":16,"minecraft:time_since_rest":3617,"minecraft:leave_game":1,"minecraft:sprint_one_cm":1659,"minecraft:play_time":3617,"minecraft:damage_taken":80,"minecraft:time_since_death":3617,"minecraft:walk_one_cm":6883,"minecraft:sneak_time":67,"minecraft:climb_one_cm":41,"minecraft:total_world_time":3617,"minecraft:fall_one_cm":1552,"minecraft:fly_one_cm":158},"minecraft:used":{"alexsmobs:animal_dictionary":1}},"DataVersion":3465}