{"stats":{"minecraft:broken":{"minecraft:iron_shovel":3,"minecraft:golden_shovel":1,"minecraft:iron_axe":2,"minecraft:stone_axe":1,"minecraft:iron_pickaxe":2},"minecraft:mined":{"minecraft:tuff":21,"minecraft:white_bed":6,"quark:orange_blossom_leaves":2,"minecraft:deepslate_diamond_ore":8,"biomesoplenty:desert_grass":55,"minecraft:sculk_vein":1,"minecraft:cherry_log":69,"minecraft:dark_oak_log":36,"gravestone:gravestone":2,"biomesoplenty:bush":73,"minecraft:allium":4,"minecraft:grass_block":569,"biomesoplenty:jacaranda_log":39,"minecraft:raw_iron_block":3,"minecraft:sculk_catalyst":7,"minecraft:furnace":13,"minecraft:iron_ore":28,"minecraft:cobbled_deepslate":1,"biomesoplenty:lavender":1,"biomesoplenty:violet":1,"minecraft:andesite":8,"minecraft:pumpkin":13,"minecraft:deepslate_lapis_ore":2,"biomesoplenty:magic_log":48,"minecraft:sculk_shrieker":1,"minecraft:polished_deepslate":1,"biomesoplenty:high_grass":76,"minecraft:deepslate_iron_ore":40,"minecraft:stone":129,"minecraft:cherry_planks":14,"biomesoplenty:wildflower":40,"minecraft:powder_snow":10,"minecraft:crafting_table":14,"quark:cobblestone_bricks":9,"minecraft:blast_furnace":2,"minecraft:melon":3,"minecraft:chest":1,"minecraft:rose_bush":7,"minecraft:sculk_sensor":10,"quark:blossom_log":55,"biomesoplenty:high_grass_plant":185,"minecraft:tall_grass":41,"biomesoplenty:sprout":10,"minecraft:deepslate_gold_ore":6,"minecraft:sugar_cane":4,"minecraft:sculk":271,"minecraft:diorite":1,"minecraft:pink_petals":4,"biomesoplenty:blue_hydrangea":3,"minecraft:birch_log":21,"biomesoplenty:pink_daffodil":2,"minecraft:lilac":1,"minecraft:spruce_log":15,"minecraft:birch_leaves":1,"quark:deepslate_furnace":4,"quark:vertical_dark_oak_planks":4,"minecraft:grass":504,"biomesoplenty:clover":5,"minecraft:coal_ore":109,"minecraft:oak_log":5,"minecraft:dark_oak_sapling":4,"minecraft:dirt":432,"quark:hollow_oak_log":1,"minecraft:cobweb":1,"minecraft:gold_ore":2,"minecraft:oak_leaves":64,"minecraft:deepslate":42},"minecraft:custom":{"minecraft:mob_kills":106,"minecraft:animals_bred":2,"minecraft:interact_with_crafting_table":93,"minecraft:leave_game":5,"minecraft:time_since_death":346883,"minecraft:climb_one_cm":577,"minecraft:sprint_one_cm":1303626,"minecraft:walk_one_cm":1252933,"minecraft:damage_blocked_by_shield":1580,"minecraft:drop":94,"minecraft:damage_dealt_absorbed":80,"minecraft:play_time":421263,"minecraft:sneak_time":11110,"minecraft:deaths":3,"minecraft:walk_under_water_one_cm":31356,"minecraft:jump":6326,"minecraft:interact_with_blast_furnace":21,"minecraft:walk_on_water_one_cm":52519,"minecraft:total_world_time":421263,"minecraft:interact_with_furnace":153,"minecraft:interact_with_stonecutter":2,"minecraft:sleep_in_bed":11,"minecraft:time_since_rest":12583,"minecraft:damage_taken":4587,"minecraft:damage_dealt":15483,"minecraft:swim_one_cm":133564,"minecraft:fly_one_cm":1113357,"minecraft:open_chest":94,"minecraft:crouch_one_cm":31442,"minecraft:fall_one_cm":149668},"minecraft:crafted":{"minecraft:cherry_planks":256,"quark:vertical_dark_oak_planks":3,"minecraft:smooth_stone":3,"minecraft:oak_planks":20,"minecraft:raw_iron":9,"quark:birch_chest":2,"minecraft:leather_boots":1,"minecraft:dark_oak_boat":1,"minecraft:cooked_chicken":8,"minecraft:furnace":2,"minecraft:blast_furnace":1,"mca:bouquet":1,"minecraft:bone_meal":93,"quark:blossom_chest":1,"quark:deepslate_furnace":2,"minecraft:cooked_mutton":15,"minecraft:iron_boots":2,"minecraft:iron_axe":3,"quark:cobblestone_bricks":84,"minecraft:stone_pickaxe":1,"biomesoplenty:magic_planks":176,"alexsmobs:cooked_catfish":3,"minecraft:dark_oak_planks":108,"mca:needle_and_thread":1,"minecraft:cooked_beef":37,"minecraft:deepslate":64,"mca:engagement_ring":1,"quark:blossom_planks":192,"biomesoplenty:jacaranda_planks":116,"minecraft:cooked_porkchop":22,"minecraft:crafting_table":3,"minecraft:spruce_planks":12,"minecraft:wooden_pickaxe":1,"minecraft:iron_helmet":1,"minecraft:iron_sword":2,"minecraft:golden_shovel":1,"minecraft:bucket":1,"minecraft:pumpkin_seeds":8,"minecraft:birch_planks":76,"minecraft:stone_axe":2,"minecraft:air":0,"minecraft:iron_chestplate":2,"minecraft:shield":2,"minecraft:stick":24,"minecraft:iron_ingot":152,"minecraft:iron_pickaxe":3,"minecraft:iron_block":1,"minecraft:iron_shovel":4,"minecraft:iron_leggings":2,"minecraft:white_bed":1,"minecraft:deepslate_bricks":4,"mca:wedding_ring":1},"minecraft:used":{"minecraft:cherry_sapling":8,"quark:birch_chest":2,"minecraft:iron_shovel":993,"minecraft:polished_deepslate":1,"minecraft:spruce_planks":1,"minecraft:shield":43,"minecraft:iron_sword":538,"minecraft:cooked_chicken":8,"minecraft:rotten_flesh":3,"minecraft:torch":8,"minecraft:dirt":993,"minecraft:golden_shovel":36,"quark:deepslate_furnace":5,"alexsmobs:lobster_tail":1,"minecraft:iron_axe":617,"quark:vertical_dark_oak_planks":4,"quark:blossom_chest":1,"biomesoplenty:jacaranda_sapling":4,"minecraft:deepslate_diamond_ore":5,"minecraft:beef":3,"minecraft:dark_oak_boat":1,"minecraft:furnace":15,"biomesoplenty:blue_hydrangea":3,"minecraft:cooked_beef":18,"minecraft:cobbled_deepslate":52,"minecraft:pumpkin":7,"minecraft:dark_oak_sapling":7,"minecraft:cooked_mutton":9,"alexsmobs:cooked_catfish":2,"minecraft:diorite":5,"quark:cobblestone_bricks":25,"minecraft:stone_pickaxe":57,"minecraft:wooden_pickaxe":10,"minecraft:cherry_planks":269,"minecraft:deepslate_bricks":4,"minecraft:salmon":2,"minecraft:blast_furnace":2,"minecraft:crafting_table":16,"minecraft:white_bed":7,"biomesoplenty:wildflower":1,"minecraft:spruce_log":2,"quark:hollow_oak_log":1,"minecraft:apple":8,"minecraft:chicken":1,"minecraft:melon_slice":5,"minecraft:bread":5,"minecraft:iron_pickaxe":638,"minecraft:deepslate":4,"minecraft:stone_axe":113,"minecraft:golden_leggings":1,"minecraft:cobblestone":20,"minecraft:cooked_porkchop":21,"minecraft:andesite":8,"minecraft:bone_meal":90},"minecraft:picked_up":{"minecraft:crafting_table":15,"minecraft:iron_chestplate":2,"minecraft:birch_door":2,"minecraft:allium":4,"minecraft:chicken":9,"quark:hollow_oak_log":1,"minecraft:wooden_pickaxe":1,"minecraft:enchanted_book":1,"biomesoplenty:jacaranda_sapling":13,"gravestone:obituary":4,"minecraft:shield":2,"minecraft:polished_deepslate":5,"alexsmobs:cooked_catfish":1,"minecraft:string":9,"minecraft:raw_copper":10,"minecraft:iron_leggings":3,"minecraft:cobbled_deepslate":598,"minecraft:spruce_planks":3,"minecraft:deepslate_diamond_ore":5,"minecraft:beef":41,"minecraft:rose_bush":6,"minecraft:iron_nugget":1,"minecraft:iron_pickaxe":2,"quark:vertical_dark_oak_planks":4,"alexsmobs:raccoon_tail":1,"minecraft:melon_slice":14,"biomesoplenty:wildflower":41,"minecraft:sugar_cane":1,"minecraft:chest":1,"minecraft:birch_sapling":3,"minecraft:iron_boots":2,"minecraft:furnace":14,"minecraft:golden_helmet":1,"minecraft:dark_oak_sapling":8,"minecraft:raw_iron":261,"minecraft:stick":44,"minecraft:torch":87,"sophisticatedbackpacks:backpack":1,"minecraft:porkchop":22,"quark:blossom_log":53,"quark:deepslate_furnace":5,"minecraft:cherry_log":62,"minecraft:diorite":69,"quark:blossom_planks":56,"minecraft:arrow":25,"biomesoplenty:blue_hydrangea":3,"minecraft:rotten_flesh":23,"biomesoplenty:jacaranda_log":29,"quark:orange_blossom_sapling":6,"minecraft:gold_ingot":21,"sophisticatedbackpacks:copper_backpack":1,"minecraft:mutton":15,"alexsmobs:lobster_tail":1,"minecraft:white_wool":7,"minecraft:cobblestone":390,"minecraft:birch_log":19,"biomesoplenty:lavender":1,"minecraft:feather":14,"minecraft:cherry_planks":14,"minecraft:andesite":8,"minecraft:salmon":4,"minecraft:leather":14,"minecraft:birch_planks":29,"minecraft:tuff":156,"minecraft:oak_log":5,"minecraft:gunpowder":1,"minecraft:map":1,"minecraft:lapis_lazuli":32,"minecraft:dirt":1002,"quark:forgotten_hat":2,"minecraft:name_tag":2,"minecraft:leather_boots":4,"minecraft:bone":46,"minecraft:apple":1,"minecraft:bow":1,"minecraft:wheat_seeds":71,"minecraft:raw_gold":14,"minecraft:rabbit_hide":6,"minecraft:iron_ingot":19,"biomesoplenty:magic_log":44,"minecraft:oak_planks":3,"minecraft:iron_sword":1,"biomesoplenty:magic_sapling":6,"minecraft:cooked_porkchop":2,"minecraft:pumpkin":13,"minecraft:raw_iron_block":4,"minecraft:spruce_sapling":1,"minecraft:blast_furnace":1,"minecraft:white_bed":7,"minecraft:spruce_log":5,"minecraft:dark_oak_log":33,"minecraft:spider_eye":5,"minecraft:leather_helmet":4,"quark:cobblestone_bricks":9,"alexsmobs:raw_catfish":3,"minecraft:pumpkin_seeds":14,"minecraft:diamond":16,"minecraft:cherry_sapling":26,"minecraft:bread":6,"biomesoplenty:pink_daffodil":1,"minecraft:oak_sapling":7,"minecraft:black_wool":2,"minecraft:coal":333,"minecraft:ender_pearl":1},"minecraft:dropped":{"minecraft:iron_ingot":32,"minecraft:bread":6,"minecraft:iron_sword":1,"minecraft:birch_planks":50,"minecraft:golden_pickaxe":2,"minecraft:diamond":2,"minecraft:crafting_table":2,"quark:blossom_planks":184,"minecraft:cooked_porkchop":3,"minecraft:iron_helmet":1,"minecraft:cobblestone":256,"minecraft:leather":1,"minecraft:leather_helmet":4,"minecraft:stick":8,"minecraft:diorite":64,"quark:blossom_log":5,"minecraft:melon_slice":1,"minecraft:iron_leggings":3,"alexsmobs:cooked_catfish":1,"gravestone:obituary":7,"minecraft:iron_pickaxe":2,"minecraft:string":3,"minecraft:spruce_sapling":1,"minecraft:iron_nugget":2,"minecraft:cobbled_deepslate":256,"alexsmobs:animal_dictionary":1,"minecraft:deepslate":60,"minecraft:tuff":114,"minecraft:rotten_flesh":15,"minecraft:oak_planks":3,"minecraft:iron_boots":2,"minecraft:cooked_mutton":6,"minecraft:pumpkin_seeds":11,"minecraft:shield":2,"minecraft:iron_chestplate":2,"minecraft:leather_boots":4,"minecraft:oak_sapling":1,"minecraft:birch_door":2,"sophisticatedbackpacks:copper_backpack":1,"minecraft:arrow":2,"minecraft:stone_pickaxe":1},"minecraft:killed_by":{"quark:forgotten":1,"minecraft:zombie":2},"minecraft:killed":{"minecraft:cave_spider":2,"minecraft:witch":1,"alexsmobs:raccoon":1,"minecraft:spider":7,"minecraft:skeleton":16,"alexsmobs:banana_slug":1,"minecraft:chicken":10,"minecraft:pig":11,"minecraft:salmon":4,"minecraft:creeper":1,"minecraft:sheep":9,"alexsmobs:catfish":1,"minecraft:zombie":23,"minecraft:cow":19}},"DataVersion":3465}