{"stats":{"minecraft:mined":{"minecraft:tuff":21,"minecraft:white_bed":4,"quark:orange_blossom_leaves":2,"minecraft:deepslate_diamond_ore":3,"biomesoplenty:desert_grass":50,"gravestone:gravestone":2,"biomesoplenty:bush":12,"minecraft:allium":4,"minecraft:grass_block":564,"minecraft:raw_iron_block":3,"minecraft:sculk_catalyst":5,"minecraft:furnace":11,"minecraft:iron_ore":28,"minecraft:cobbled_deepslate":1,"biomesoplenty:violet":1,"minecraft:andesite":8,"minecraft:pumpkin":4,"minecraft:deepslate_lapis_ore":2,"minecraft:sculk_shrieker":1,"minecraft:deepslate_iron_ore":39,"minecraft:stone":111,"biomesoplenty:wildflower":38,"minecraft:powder_snow":10,"minecraft:crafting_table":7,"minecraft:blast_furnace":2,"minecraft:melon":3,"minecraft:rose_bush":7,"minecraft:sculk_sensor":9,"quark:blossom_log":55,"minecraft:tall_grass":17,"biomesoplenty:sprout":1,"minecraft:deepslate_gold_ore":6,"minecraft:sugar_cane":4,"minecraft:sculk":97,"minecraft:birch_log":21,"minecraft:lilac":1,"minecraft:spruce_log":14,"minecraft:birch_leaves":1,"quark:deepslate_furnace":3,"minecraft:grass":302,"minecraft:oak_log":5,"minecraft:coal_ore":47,"minecraft:dirt":432,"quark:hollow_oak_log":1,"minecraft:cobweb":1,"minecraft:gold_ore":2,"minecraft:oak_leaves":41,"minecraft:deepslate":33},"minecraft:picked_up":{"minecraft:crafting_table":8,"minecraft:iron_chestplate":2,"minecraft:birch_door":2,"minecraft:allium":4,"minecraft:chicken":9,"quark:hollow_oak_log":1,"minecraft:wooden_pickaxe":1,"minecraft:enchanted_book":1,"gravestone:obituary":4,"minecraft:shield":2,"alexsmobs:cooked_catfish":1,"minecraft:string":4,"minecraft:iron_leggings":3,"minecraft:cobbled_deepslate":141,"minecraft:beef":32,"minecraft:rose_bush":6,"minecraft:iron_pickaxe":1,"alexsmobs:raccoon_tail":1,"minecraft:melon_slice":14,"biomesoplenty:wildflower":40,"minecraft:sugar_cane":1,"minecraft:birch_sapling":3,"minecraft:iron_boots":2,"minecraft:furnace":12,"minecraft:golden_helmet":1,"minecraft:stick":20,"minecraft:raw_iron":260,"minecraft:torch":87,"quark:blossom_log":53,"minecraft:porkchop":19,"quark:deepslate_furnace":4,"minecraft:diorite":5,"minecraft:arrow":23,"minecraft:rotten_flesh":6,"quark:orange_blossom_sapling":6,"minecraft:gold_ingot":9,"sophisticatedbackpacks:copper_backpack":1,"minecraft:mutton":13,"alexsmobs:lobster_tail":1,"minecraft:white_wool":6,"minecraft:cobblestone":121,"minecraft:birch_log":19,"minecraft:feather":14,"minecraft:andesite":8,"minecraft:salmon":4,"minecraft:leather":9,"minecraft:birch_planks":29,"minecraft:tuff":92,"minecraft:oak_log":5,"minecraft:lapis_lazuli":32,"minecraft:dirt":998,"quark:forgotten_hat":2,"minecraft:name_tag":2,"minecraft:leather_boots":4,"minecraft:bone":27,"minecraft:wheat_seeds":52,"minecraft:raw_gold":14,"minecraft:iron_ingot":18,"minecraft:iron_sword":1,"minecraft:oak_planks":3,"minecraft:cooked_porkchop":2,"minecraft:pumpkin":6,"minecraft:raw_iron_block":4,"minecraft:blast_furnace":1,"minecraft:white_bed":5,"minecraft:spruce_log":4,"minecraft:spider_eye":3,"minecraft:leather_helmet":4,"alexsmobs:raw_catfish":3,"minecraft:pumpkin_seeds":6,"minecraft:diamond":10,"minecraft:oak_sapling":6,"minecraft:black_wool":2,"minecraft:coal":222,"minecraft:ender_pearl":1},"minecraft:crafted":{"minecraft:smooth_stone":3,"minecraft:oak_planks":20,"minecraft:raw_iron":9,"quark:birch_chest":2,"minecraft:cooked_chicken":1,"minecraft:furnace":1,"minecraft:blast_furnace":1,"mca:bouquet":1,"quark:deepslate_furnace":1,"minecraft:cooked_mutton":6,"minecraft:iron_boots":2,"minecraft:iron_axe":1,"minecraft:stone_pickaxe":1,"alexsmobs:cooked_catfish":3,"minecraft:cooked_beef":8,"minecraft:deepslate":4,"minecraft:cooked_porkchop":13,"minecraft:crafting_table":1,"minecraft:spruce_planks":8,"minecraft:wooden_pickaxe":1,"minecraft:iron_helmet":1,"minecraft:iron_sword":2,"minecraft:golden_shovel":1,"minecraft:bucket":1,"minecraft:birch_planks":76,"minecraft:pumpkin_seeds":8,"minecraft:stone_axe":2,"minecraft:air":0,"minecraft:iron_chestplate":2,"minecraft:shield":2,"minecraft:stick":24,"minecraft:iron_ingot":143,"minecraft:iron_pickaxe":3,"minecraft:iron_block":1,"minecraft:iron_shovel":4,"minecraft:iron_leggings":2,"minecraft:white_bed":1},"minecraft:used":{"quark:birch_chest":2,"minecraft:iron_shovel":993,"minecraft:spruce_planks":1,"minecraft:shield":24,"minecraft:iron_sword":129,"minecraft:cooked_chicken":1,"minecraft:rotten_flesh":3,"minecraft:torch":8,"minecraft:dirt":990,"minecraft:golden_shovel":36,"alexsmobs:lobster_tail":1,"quark:deepslate_furnace":3,"minecraft:iron_axe":170,"minecraft:furnace":12,"minecraft:cooked_beef":8,"minecraft:cobbled_deepslate":47,"minecraft:cooked_mutton":3,"alexsmobs:cooked_catfish":2,"minecraft:diorite":5,"minecraft:stone_pickaxe":57,"minecraft:wooden_pickaxe":10,"minecraft:crafting_table":7,"minecraft:blast_furnace":2,"minecraft:white_bed":5,"minecraft:spruce_log":2,"quark:hollow_oak_log":1,"minecraft:chicken":1,"minecraft:iron_pickaxe":373,"minecraft:deepslate":4,"minecraft:stone_axe":113,"minecraft:cobblestone":20,"minecraft:cooked_porkchop":12,"minecraft:andesite":8},"minecraft:broken":{"minecraft:iron_shovel":3,"minecraft:golden_shovel":1,"minecraft:stone_axe":1,"minecraft:iron_pickaxe":1},"minecraft:dropped":{"minecraft:iron_ingot":32,"minecraft:bread":2,"minecraft:iron_sword":1,"minecraft:birch_planks":50,"minecraft:crafting_table":2,"minecraft:cooked_porkchop":3,"minecraft:iron_helmet":1,"minecraft:leather_helmet":4,"minecraft:stick":8,"minecraft:iron_leggings":3,"alexsmobs:cooked_catfish":1,"gravestone:obituary":7,"minecraft:iron_pickaxe":2,"minecraft:string":3,"alexsmobs:animal_dictionary":1,"minecraft:oak_planks":3,"minecraft:iron_boots":2,"minecraft:cooked_mutton":3,"minecraft:pumpkin_seeds":3,"minecraft:shield":2,"minecraft:iron_chestplate":2,"minecraft:leather_boots":4,"minecraft:birch_door":2,"sophisticatedbackpacks:copper_backpack":1,"minecraft:stone_pickaxe":1},"minecraft:killed":{"minecraft:cave_spider":1,"alexsmobs:raccoon":1,"minecraft:spider":2,"minecraft:skeleton":9,"minecraft:chicken":10,"minecraft:pig":10,"minecraft:salmon":4,"minecraft:sheep":8,"alexsmobs:catfish":1,"minecraft:zombie":10,"minecraft:cow":13},"minecraft:killed_by":{"quark:forgotten":1,"minecraft:zombie":2},"minecraft:custom":{"minecraft:mob_kills":69,"minecraft:animals_bred":2,"minecraft:interact_with_crafting_table":51,"minecraft:leave_game":3,"minecraft:time_since_death":124323,"minecraft:sprint_one_cm":551303,"minecraft:walk_one_cm":649759,"minecraft:damage_blocked_by_shield":970,"minecraft:drop":57,"minecraft:damage_dealt_absorbed":80,"minecraft:play_time":198703,"minecraft:deaths":3,"minecraft:sneak_time":8879,"minecraft:walk_under_water_one_cm":18042,"minecraft:jump":2671,"minecraft:interact_with_blast_furnace":20,"minecraft:walk_on_water_one_cm":27935,"minecraft:total_world_time":198703,"minecraft:interact_with_furnace":117,"minecraft:sleep_in_bed":5,"minecraft:time_since_rest":57023,"minecraft:damage_taken":2305,"minecraft:damage_dealt":8570,"minecraft:swim_one_cm":55661,"minecraft:fly_one_cm":414804,"minecraft:open_chest":25,"minecraft:crouch_one_cm":26765,"minecraft:fall_one_cm":59310}},"DataVersion":3465}