{"stats":{"minecraft:used":{"securitycraft:mine":3,"securitycraft:camera_monitor":2,"minecraft:amethyst_block":11,"minecraft:dirt":135,"minecraft:sand":22,"minecraft:grass_block":132,"securitycraft:reinforced_glass":57,"securitycraft:remote_access_mine":3,"securitycraft:security_camera":3,"minecraft:parrot_spawn_egg":1},"minecraft:mined":{"minecraft:mangrove_propagule":1},"minecraft:custom":{"minecraft:time_since_rest":29448,"minecraft:crouch_one_cm":870,"minecraft:sprint_one_cm":7060,"minecraft:play_time":29448,"minecraft:walk_one_cm":46542,"minecraft:walk_under_water_one_cm":9733,"minecraft:sneak_time":598,"minecraft:jump":127,"minecraft:leave_game":4,"minecraft:time_since_death":29448,"minecraft:walk_on_water_one_cm":3674,"minecraft:climb_one_cm":1840,"minecraft:total_world_time":29448,"minecraft:swim_one_cm":10008,"minecraft:fall_one_cm":1163,"minecraft:fly_one_cm":163359}},"DataVersion":3465}