{"stats":{"minecraft:mined":{"minecraft:mangrove_propagule":1},"minecraft:custom":{"minecraft:jump":12,"minecraft:time_since_rest":2538,"minecraft:leave_game":1,"minecraft:crouch_one_cm":124,"minecraft:sprint_one_cm":717,"minecraft:play_time":2538,"minecraft:time_since_death":2538,"minecraft:walk_one_cm":1452,"minecraft:sneak_time":83,"minecraft:climb_one_cm":481,"minecraft:total_world_time":2538,"minecraft:fall_one_cm":1163,"minecraft:fly_one_cm":9354},"minecraft:used":{"securitycraft:camera_monitor":1,"securitycraft:security_camera":1}},"DataVersion":3465}