{"stats":{"minecraft:picked_up":{"minecraft:cooked_porkchop":17,"minecraft:sand":19,"minecraft:oak_log":2,"minecraft:stone_button":56,"minecraft:grass_block":1,"minecraft:gunpowder":3,"minecraft:cobblestone_stairs":2,"minecraft:dirt":14,"minecraft:string":2,"minecraft:green_carpet":1,"quark:light_blue_shard":2,"alexsmobs:animal_dictionary":1,"minecraft:rotten_flesh":2,"minecraft:wheat_seeds":15,"minecraft:spruce_planks":1,"minecraft:bamboo":42,"alexsmobs:raccoon_tail":1,"minecraft:oak_sapling":4,"minecraft:quartz_stairs":1},"minecraft:mined":{"minecraft:grass":3,"minecraft:oak_log":2,"minecraft:mangrove_propagule":1,"minecraft:fern":2},"minecraft:killed":{"minecraft:skeleton":1,"minecraft:zombie":2,"alexsmobs:anaconda":1,"alexsmobs:raccoon":1,"minecraft:spider":1,"alexsmobs:mungus":1,"minecraft:creeper":1},"minecraft:custom":{"minecraft:time_since_rest":89759,"minecraft:sprint_one_cm":52270,"minecraft:walk_one_cm":156401,"minecraft:mob_kills":8,"minecraft:drop":30,"minecraft:damage_dealt":1255,"minecraft:swim_one_cm":10018,"minecraft:fly_one_cm":524103,"minecraft:player_kills":2,"minecraft:crouch_one_cm":3731,"minecraft:play_time":89759,"minecraft:sneak_time":2515,"minecraft:walk_under_water_one_cm":14237,"minecraft:jump":722,"minecraft:leave_game":19,"minecraft:walk_on_water_one_cm":14983,"minecraft:time_since_death":89759,"minecraft:climb_one_cm":3133,"minecraft:total_world_time":89759,"minecraft:fall_one_cm":1372},"minecraft:used":{"alexsmobs:terrapin_bucket":2,"alexsmobs:spawn_egg_raccoon":5,"minecraft:wooden_axe":3,"securitycraft:camera_monitor":2,"alexsmobs:spawn_egg_mungus":1,"minecraft:netherite_sword":15,"minecraft:sea_lantern":3,"minecraft:amethyst_block":11,"minecraft:cobblestone_stairs":10,"alexsmobs:spawn_egg_seal":1,"minecraft:grass_block":208,"minecraft:parrot_spawn_egg":1,"minecraft:stone":27,"securitycraft:security_camera":3,"minecraft:spruce_planks":1,"securitycraft:remote_access_mine":4,"alexsmobs:spawn_egg_anaconda":1,"minecraft:structure_block":16,"minecraft:bamboo":20,"securitycraft:mine":4,"minecraft:sand":224,"minecraft:dirt":139,"minecraft:vine":60,"securitycraft:reinforced_glass":57,"minecraft:spruce_stairs":1,"minecraft:podzol":1,"alexsmobs:animal_dictionary":1,"minecraft:light_blue_stained_glass":13},"minecraft:dropped":{"minecraft:wooden_axe":1,"alexsmobs:kangaroo_meat":2,"minecraft:cooked_porkchop":26,"minecraft:grass_block":1}},"DataVersion":3465}