{"stats":{"minecraft:crafted":{"minecraft:oak_planks":52,"vanillaplustools:iron_shovel":1,"minecraft:cooked_chicken":2,"minecraft:furnace":2,"minecraft:stone":3,"mca:bouquet":1,"minecraft:cooked_mutton":3,"vanillaplustools:iron_hammer":1,"quark:hollow_oak_log":4,"minecraft:iron_axe":1,"minecraft:birch_door":3,"minecraft:smoker":1,"sophisticatedbackpacks:iron_backpack":1,"minecraft:cooked_beef":1,"minecraft:deepslate":3,"minecraft:cooked_porkchop":2,"minecraft:crafting_table":3,"sophisticatedbackpacks:gold_backpack":1,"minecraft:bucket":1,"minecraft:air":0,"minecraft:stick":40,"minecraft:iron_pickaxe":9,"minecraft:iron_ingot":38,"minecraft:iron_shovel":9,"minecraft:gold_ingot":19,"quark:pickarang":1},"minecraft:dropped":{"minecraft:enchanted_book":1,"minecraft:iron_ingot":8,"minecraft:iron_sword":1,"minecraft:lapis_lazuli":16,"quark:deepslate_furnace":1,"minecraft:ender_pearl":1,"minecraft:diamond":6,"minecraft:leather":1,"vanillaplustools:iron_shovel":2,"minecraft:coal":40,"minecraft:leather_helmet":1,"minecraft:stick":8,"minecraft:dirt":512,"minecraft:torch":47,"minecraft:iron_leggings":1,"gravestone:obituary":2,"minecraft:pumpkin":2,"minecraft:raw_iron_block":2,"minecraft:iron_pickaxe":1,"minecraft:string":1,"minecraft:bone":14,"minecraft:gold_ingot":5,"minecraft:furnace":1,"minecraft:cobbled_deepslate":128,"minecraft:tuff":50,"minecraft:raw_iron":169,"minecraft:oak_planks":3,"minecraft:iron_boots":1,"minecraft:name_tag":2,"minecraft:white_bed":1,"minecraft:pumpkin_seeds":3,"minecraft:shield":2,"minecraft:iron_chestplate":1,"minecraft:leather_boots":1,"minecraft:birch_door":1,"quark:forgotten_hat":2,"minecraft:spider_eye":1,"minecraft:arrow":13,"minecraft:wooden_pickaxe":1,"minecraft:raw_gold":5},"minecraft:used":{"vanillaplustools:diamond_shovel":1,"minecraft:shield":36,"minecraft:iron_sword":245,"minecraft:cooked_chicken":2,"minecraft:rotten_flesh":1,"minecraft:dirt":111,"minecraft:birch_door":2,"vanillaplustools:iron_shovel":146,"minecraft:iron_axe":112,"minecraft:iron_helmet":6,"minecraft:oak_sapling":19,"minecraft:furnace":1,"minecraft:cooked_beef":1,"minecraft:cobbled_deepslate":26,"minecraft:iron_leggings":1,"minecraft:cooked_mutton":6,"alexsmobs:cooked_catfish":1,"minecraft:stone_pickaxe":37,"quark:forgotten_hat":4,"minecraft:crafting_table":9,"minecraft:blast_furnace":1,"minecraft:smoker":1,"quark:hollow_oak_log":10,"minecraft:apple":2,"minecraft:bread":6,"quark:pickarang":68,"minecraft:iron_pickaxe":329,"minecraft:stone_axe":9,"minecraft:cobblestone":30,"vanillaplustools:iron_hammer":193,"minecraft:cooked_porkchop":2,"minecraft:andesite":2,"minecraft:bucket":1},"minecraft:killed":{"alexsmobs:lobster":9,"minecraft:spider":7,"quark:forgotten":3,"minecraft:skeleton":22,"minecraft:chicken":2,"alexsmobs:centipede_head":1,"quark:stoneling":1,"minecraft:creeper":1,"minecraft:sheep":2,"minecraft:zombie":28,"alexsmobs:gazelle":1},"minecraft:picked_up":{"quark:diamond_heart":1,"minecraft:crafting_table":7,"minecraft:iron_chestplate":2,"minecraft:birch_door":2,"minecraft:allium":8,"minecraft:chicken":2,"minecraft:clay_ball":4,"quark:hollow_oak_log":6,"gravestone:obituary":3,"minecraft:shield":3,"minecraft:string":3,"minecraft:iron_axe":1,"minecraft:iron_leggings":2,"minecraft:cobbled_deepslate":709,"minecraft:iron_pickaxe":2,"minecraft:iron_boots":2,"minecraft:stick":31,"minecraft:raw_iron":305,"vanillaplustools:iron_shovel":2,"minecraft:diorite":5,"minecraft:redstone":53,"alexsmobs:centipede_leg":2,"minecraft:arrow":32,"minecraft:rotten_flesh":21,"sophisticatedbackpacks:copper_backpack":1,"minecraft:mutton":3,"minecraft:rail":1,"alexsmobs:lobster_tail":1,"minecraft:white_wool":2,"minecraft:cobblestone":202,"minecraft:birch_log":1,"minecraft:feather":3,"minecraft:andesite":36,"minecraft:birch_planks":37,"minecraft:tuff":314,"minecraft:oak_log":46,"minecraft:lapis_lazuli":53,"minecraft:dirt":721,"quark:forgotten_hat":4,"minecraft:leather_boots":1,"minecraft:cooked_mutton":3,"minecraft:bone":26,"minecraft:apple":2,"minecraft:bow":2,"minecraft:wheat_seeds":9,"minecraft:raw_gold":24,"minecraft:iron_ingot":32,"minecraft:stone_pickaxe":1,"minecraft:iron_sword":1,"minecraft:oak_planks":3,"minecraft:cooked_porkchop":1,"minecraft:raw_iron_block":2,"minecraft:blast_furnace":1,"alexsmobs:animal_dictionary":1,"minecraft:leather_helmet":3,"minecraft:diamond":12,"minecraft:iron_helmet":1,"minecraft:granite":22,"minecraft:bread":2,"minecraft:terracotta":1,"minecraft:oak_sapling":34,"minecraft:coal":119,"minecraft:ender_pearl":1},"minecraft:mined":{"minecraft:tuff":345,"minecraft:deepslate_diamond_ore":13,"gravestone:gravestone":6,"minecraft:granite":23,"biomesoplenty:bush":62,"minecraft:allium":8,"minecraft:grass_block":482,"minecraft:spawner":1,"minecraft:raw_iron_block":1,"minecraft:sculk_catalyst":1,"minecraft:iron_ore":36,"minecraft:cobbled_deepslate":1,"minecraft:andesite":38,"minecraft:deepslate_lapis_ore":5,"minecraft:sculk_shrieker":1,"minecraft:deepslate_iron_ore":219,"minecraft:rail":1,"minecraft:stone":217,"minecraft:deepslate_redstone_ore":13,"minecraft:clay":1,"minecraft:crafting_table":6,"minecraft:sculk_sensor":5,"minecraft:lapis_ore":2,"minecraft:deepslate_gold_ore":25,"minecraft:sculk":153,"minecraft:diorite":5,"minecraft:grass":30,"minecraft:oak_log":44,"minecraft:coal_ore":119,"minecraft:dirt":270,"quark:hollow_oak_log":6,"minecraft:terracotta":1,"minecraft:oak_leaves":56,"minecraft:deepslate":793},"minecraft:killed_by":{"minecraft:creeper":1,"alexsmobs:centipede_head":1,"minecraft:zombie":2},"minecraft:custom":{"minecraft:mob_kills":78,"minecraft:interact_with_crafting_table":42,"minecraft:leave_game":6,"minecraft:time_since_death":91675,"minecraft:sprint_one_cm":308201,"minecraft:walk_one_cm":428689,"minecraft:damage_blocked_by_shield":1475,"minecraft:drop":59,"minecraft:play_time":165844,"minecraft:deaths":5,"minecraft:sneak_time":3072,"minecraft:walk_under_water_one_cm":12089,"minecraft:jump":2831,"minecraft:interact_with_blast_furnace":27,"minecraft:walk_on_water_one_cm":17138,"minecraft:total_world_time":165844,"minecraft:interact_with_furnace":35,"minecraft:interact_with_cartography_table":1,"minecraft:time_since_rest":91699,"minecraft:damage_taken":2820,"minecraft:damage_dealt":13977,"minecraft:swim_one_cm":43249,"minecraft:fly_one_cm":379724,"minecraft:open_chest":6,"minecraft:crouch_one_cm":7728,"minecraft:interact_with_smoker":2,"minecraft:fall_one_cm":68541}},"DataVersion":3465}