{"stats":{"minecraft:used":{"minecraft:structure_block":16,"securitycraft:mine":4,"minecraft:wooden_axe":3,"securitycraft:camera_monitor":2,"minecraft:sea_lantern":2,"minecraft:dirt":135,"minecraft:amethyst_block":11,"minecraft:sand":217,"minecraft:cobblestone_stairs":10,"minecraft:spruce_stairs":1,"minecraft:grass_block":188,"securitycraft:reinforced_glass":57,"minecraft:podzol":1,"minecraft:spruce_planks":1,"minecraft:stone":6,"securitycraft:remote_access_mine":4,"minecraft:light_blue_stained_glass":11,"securitycraft:security_camera":3,"minecraft:parrot_spawn_egg":1},"minecraft:killed":{"minecraft:creeper":1},"minecraft:custom":{"minecraft:time_since_rest":68394,"minecraft:crouch_one_cm":2976,"minecraft:sprint_one_cm":39004,"minecraft:play_time":68394,"minecraft:walk_one_cm":121805,"minecraft:sneak_time":1923,"minecraft:walk_under_water_one_cm":14117,"minecraft:mob_kills":1,"minecraft:jump":544,"minecraft:damage_dealt":220,"minecraft:leave_game":13,"minecraft:walk_on_water_one_cm":14770,"minecraft:time_since_death":68394,"minecraft:climb_one_cm":2598,"minecraft:total_world_time":68394,"minecraft:swim_one_cm":10018,"minecraft:fall_one_cm":1163,"minecraft:fly_one_cm":421882},"minecraft:mined":{"minecraft:mangrove_propagule":1},"minecraft:picked_up":{"minecraft:wheat_seeds":15,"minecraft:sand":15,"minecraft:gunpowder":1,"minecraft:stone_button":56,"minecraft:bamboo":33,"minecraft:green_carpet":1,"minecraft:string":1}},"DataVersion":3465}