{"stats":{"minecraft:mined":{"minecraft:mangrove_propagule":1},"minecraft:used":{"minecraft:structure_block":16,"securitycraft:mine":4,"minecraft:wooden_axe":3,"securitycraft:camera_monitor":2,"minecraft:amethyst_block":11,"minecraft:sand":217,"minecraft:sea_lantern":2,"minecraft:dirt":135,"minecraft:cobblestone_stairs":10,"securitycraft:reinforced_glass":57,"minecraft:grass_block":188,"minecraft:spruce_stairs":1,"minecraft:podzol":1,"securitycraft:remote_access_mine":4,"minecraft:spruce_planks":1,"minecraft:stone":6,"securitycraft:security_camera":3,"minecraft:light_blue_stained_glass":11,"minecraft:parrot_spawn_egg":1},"minecraft:picked_up":{"minecraft:rotten_flesh":1,"minecraft:wheat_seeds":15,"minecraft:sand":15,"minecraft:stone_button":56,"minecraft:bamboo":42,"minecraft:gunpowder":1,"minecraft:green_carpet":1,"minecraft:string":1},"minecraft:custom":{"minecraft:time_since_rest":70192,"minecraft:crouch_one_cm":3008,"minecraft:sprint_one_cm":39847,"minecraft:play_time":70192,"minecraft:walk_one_cm":124046,"minecraft:sneak_time":1950,"minecraft:walk_under_water_one_cm":14117,"minecraft:mob_kills":2,"minecraft:jump":577,"minecraft:damage_dealt":414,"minecraft:leave_game":15,"minecraft:walk_on_water_one_cm":14770,"minecraft:time_since_death":70192,"minecraft:climb_one_cm":2598,"minecraft:total_world_time":70192,"minecraft:swim_one_cm":10018,"minecraft:fall_one_cm":1163,"minecraft:fly_one_cm":426818},"minecraft:killed":{"minecraft:zombie":1,"minecraft:creeper":1}},"DataVersion":3465}