{"stats":{"minecraft:used":{"securitycraft:mine":1,"securitycraft:camera_monitor":2,"securitycraft:remote_access_mine":1,"securitycraft:security_camera":2},"minecraft:mined":{"minecraft:mangrove_propagule":1},"minecraft:custom":{"minecraft:jump":28,"minecraft:time_since_rest":5976,"minecraft:crouch_one_cm":124,"minecraft:leave_game":3,"minecraft:play_time":5976,"minecraft:sprint_one_cm":1535,"minecraft:time_since_death":5976,"minecraft:walk_one_cm":3954,"minecraft:sneak_time":155,"minecraft:total_world_time":5976,"minecraft:climb_one_cm":846,"minecraft:fall_one_cm":1163,"minecraft:fly_one_cm":29926}},"DataVersion":3465}