{"stats":{"minecraft:killed":{"alexsmobs:lobster":9,"minecraft:spider":4,"quark:forgotten":3,"minecraft:skeleton":19,"minecraft:chicken":2,"alexsmobs:centipede_head":1,"quark:stoneling":1,"minecraft:creeper":1,"minecraft:sheep":2,"minecraft:zombie":27},"minecraft:dropped":{"minecraft:enchanted_book":1,"minecraft:iron_ingot":8,"minecraft:iron_sword":1,"minecraft:lapis_lazuli":16,"quark:deepslate_furnace":1,"minecraft:ender_pearl":1,"minecraft:diamond":6,"minecraft:leather":1,"minecraft:coal":40,"minecraft:leather_helmet":1,"minecraft:stick":8,"minecraft:torch":47,"minecraft:iron_leggings":1,"gravestone:obituary":2,"minecraft:pumpkin":2,"minecraft:raw_iron_block":2,"minecraft:iron_pickaxe":1,"minecraft:string":1,"minecraft:bone":14,"minecraft:gold_ingot":5,"minecraft:furnace":1,"minecraft:cobbled_deepslate":128,"minecraft:tuff":50,"minecraft:raw_iron":169,"minecraft:oak_planks":3,"minecraft:iron_boots":1,"minecraft:name_tag":2,"minecraft:white_bed":1,"minecraft:pumpkin_seeds":3,"minecraft:shield":2,"minecraft:iron_chestplate":1,"minecraft:leather_boots":1,"minecraft:birch_door":1,"quark:forgotten_hat":2,"minecraft:spider_eye":1,"minecraft:arrow":13,"minecraft:wooden_pickaxe":1,"minecraft:raw_gold":5},"minecraft:crafted":{"minecraft:oak_planks":24,"vanillaplustools:iron_shovel":1,"minecraft:furnace":1,"minecraft:stone":3,"minecraft:cooked_mutton":3,"vanillaplustools:iron_hammer":1,"quark:hollow_oak_log":4,"minecraft:iron_axe":1,"minecraft:birch_door":3,"sophisticatedbackpacks:iron_backpack":1,"minecraft:deepslate":3,"minecraft:crafting_table":2,"sophisticatedbackpacks:gold_backpack":1,"minecraft:air":0,"minecraft:stick":40,"minecraft:iron_ingot":28,"minecraft:iron_pickaxe":9,"minecraft:iron_shovel":9,"minecraft:gold_ingot":19,"quark:pickarang":1},"minecraft:picked_up":{"quark:diamond_heart":1,"minecraft:birch_door":2,"minecraft:crafting_table":7,"minecraft:iron_chestplate":2,"minecraft:chicken":2,"minecraft:clay_ball":4,"quark:hollow_oak_log":6,"gravestone:obituary":3,"minecraft:shield":3,"minecraft:string":1,"minecraft:iron_leggings":2,"minecraft:cobbled_deepslate":709,"minecraft:iron_pickaxe":2,"minecraft:iron_boots":2,"minecraft:stick":11,"minecraft:raw_iron":301,"minecraft:diorite":5,"minecraft:redstone":53,"alexsmobs:centipede_leg":2,"minecraft:arrow":30,"minecraft:rotten_flesh":21,"sophisticatedbackpacks:copper_backpack":1,"minecraft:white_wool":2,"minecraft:mutton":3,"alexsmobs:lobster_tail":1,"minecraft:rail":1,"minecraft:cobblestone":71,"minecraft:birch_log":1,"minecraft:feather":3,"minecraft:andesite":7,"minecraft:birch_planks":37,"minecraft:tuff":314,"minecraft:oak_log":23,"minecraft:lapis_lazuli":53,"minecraft:dirt":546,"quark:forgotten_hat":4,"minecraft:leather_boots":1,"minecraft:cooked_mutton":3,"minecraft:bone":21,"minecraft:wheat_seeds":9,"minecraft:bow":1,"minecraft:raw_gold":24,"minecraft:iron_ingot":32,"minecraft:stone_pickaxe":1,"minecraft:oak_planks":3,"minecraft:iron_sword":1,"minecraft:cooked_porkchop":1,"minecraft:raw_iron_block":2,"minecraft:blast_furnace":1,"alexsmobs:animal_dictionary":1,"minecraft:leather_helmet":3,"minecraft:diamond":12,"minecraft:iron_helmet":1,"minecraft:granite":1,"minecraft:bread":2,"minecraft:terracotta":1,"minecraft:oak_sapling":13,"minecraft:coal":14,"minecraft:ender_pearl":1},"minecraft:custom":{"minecraft:mob_kills":70,"minecraft:interact_with_crafting_table":31,"minecraft:leave_game":5,"minecraft:time_since_death":48984,"minecraft:sprint_one_cm":203901,"minecraft:walk_one_cm":315990,"minecraft:damage_blocked_by_shield":1475,"minecraft:drop":49,"minecraft:play_time":123153,"minecraft:deaths":5,"minecraft:sneak_time":2756,"minecraft:walk_under_water_one_cm":8581,"minecraft:jump":1987,"minecraft:interact_with_blast_furnace":26,"minecraft:walk_on_water_one_cm":14862,"minecraft:total_world_time":123153,"minecraft:interact_with_furnace":29,"minecraft:time_since_rest":49008,"minecraft:damage_taken":2374,"minecraft:damage_dealt":12492,"minecraft:swim_one_cm":36920,"minecraft:fly_one_cm":236389,"minecraft:open_chest":3,"minecraft:crouch_one_cm":7148,"minecraft:fall_one_cm":46422},"minecraft:used":{"vanillaplustools:diamond_shovel":1,"minecraft:shield":36,"minecraft:iron_sword":223,"minecraft:rotten_flesh":1,"minecraft:dirt":101,"minecraft:birch_door":2,"vanillaplustools:iron_shovel":116,"minecraft:iron_axe":44,"minecraft:iron_helmet":6,"minecraft:furnace":1,"minecraft:cobbled_deepslate":26,"minecraft:iron_leggings":1,"minecraft:cooked_mutton":5,"alexsmobs:cooked_catfish":1,"minecraft:stone_pickaxe":37,"quark:forgotten_hat":4,"minecraft:crafting_table":8,"minecraft:blast_furnace":1,"quark:hollow_oak_log":10,"minecraft:bread":6,"quark:pickarang":68,"minecraft:iron_pickaxe":327,"minecraft:stone_axe":9,"minecraft:cobblestone":15,"vanillaplustools:iron_hammer":155,"minecraft:cooked_porkchop":1},"minecraft:killed_by":{"minecraft:creeper":1,"alexsmobs:centipede_head":1,"minecraft:zombie":2},"minecraft:mined":{"minecraft:tuff":345,"minecraft:deepslate_diamond_ore":13,"gravestone:gravestone":6,"minecraft:granite":1,"biomesoplenty:bush":59,"minecraft:grass_block":413,"minecraft:spawner":1,"minecraft:raw_iron_block":1,"minecraft:sculk_catalyst":1,"minecraft:iron_ore":32,"minecraft:cobbled_deepslate":1,"minecraft:andesite":8,"minecraft:deepslate_lapis_ore":5,"minecraft:sculk_shrieker":1,"minecraft:deepslate_iron_ore":219,"minecraft:rail":1,"minecraft:stone":72,"minecraft:deepslate_redstone_ore":13,"minecraft:clay":1,"minecraft:crafting_table":6,"minecraft:sculk_sensor":5,"minecraft:lapis_ore":2,"minecraft:deepslate_gold_ore":25,"minecraft:sculk":153,"minecraft:diorite":5,"minecraft:grass":30,"minecraft:oak_log":23,"minecraft:coal_ore":14,"minecraft:dirt":148,"quark:hollow_oak_log":6,"minecraft:terracotta":1,"minecraft:oak_leaves":29,"minecraft:deepslate":793}},"DataVersion":3465}