{"stats":{"minecraft:picked_up":{"minecraft:sand":15,"minecraft:stone_button":56,"minecraft:gunpowder":1,"minecraft:green_carpet":1,"minecraft:string":1,"alexsmobs:animal_dictionary":1,"minecraft:rotten_flesh":2,"minecraft:wheat_seeds":15,"minecraft:spruce_planks":1,"minecraft:bamboo":42,"minecraft:quartz_stairs":1},"minecraft:mined":{"minecraft:mangrove_propagule":1},"minecraft:killed":{"minecraft:skeleton":1,"minecraft:zombie":2,"minecraft:creeper":1},"minecraft:custom":{"minecraft:time_since_rest":72184,"minecraft:sprint_one_cm":41073,"minecraft:walk_one_cm":125931,"minecraft:mob_kills":4,"minecraft:damage_dealt":810,"minecraft:swim_one_cm":10018,"minecraft:fly_one_cm":429566,"minecraft:crouch_one_cm":3008,"minecraft:play_time":72184,"minecraft:walk_under_water_one_cm":14117,"minecraft:sneak_time":1950,"minecraft:jump":591,"minecraft:leave_game":16,"minecraft:time_since_death":72184,"minecraft:walk_on_water_one_cm":14770,"minecraft:total_world_time":72184,"minecraft:climb_one_cm":2598,"minecraft:fall_one_cm":1163},"minecraft:used":{"securitycraft:camera_monitor":2,"minecraft:wooden_axe":3,"minecraft:netherite_sword":4,"minecraft:sea_lantern":2,"minecraft:amethyst_block":11,"minecraft:cobblestone_stairs":10,"minecraft:grass_block":188,"minecraft:spruce_planks":1,"minecraft:stone":6,"securitycraft:remote_access_mine":4,"securitycraft:security_camera":3,"minecraft:parrot_spawn_egg":1,"minecraft:structure_block":16,"securitycraft:mine":4,"minecraft:dirt":135,"minecraft:sand":217,"minecraft:podzol":1,"securitycraft:reinforced_glass":57,"minecraft:spruce_stairs":1,"minecraft:light_blue_stained_glass":11}},"DataVersion":3465}