{"stats":{"minecraft:used":{"securitycraft:camera_monitor":2,"securitycraft:security_camera":2},"minecraft:mined":{"minecraft:mangrove_propagule":1},"minecraft:custom":{"minecraft:jump":15,"minecraft:time_since_rest":4277,"minecraft:crouch_one_cm":124,"minecraft:leave_game":2,"minecraft:play_time":4277,"minecraft:sprint_one_cm":786,"minecraft:time_since_death":4277,"minecraft:walk_one_cm":1875,"minecraft:sneak_time":133,"minecraft:total_world_time":4277,"minecraft:climb_one_cm":551,"minecraft:fall_one_cm":1163,"minecraft:fly_one_cm":18036}},"DataVersion":3465}