{"stats":{"minecraft:crafted":{"minecraft:cooked_beef":2,"minecraft:stone_shovel":1,"minecraft:crafting_table":3,"biomesoplenty:redwood_planks":116,"minecraft:wooden_pickaxe":1,"minecraft:furnace":1,"minecraft:birch_planks":24,"minecraft:stone_axe":2,"minecraft:cooked_mutton":4,"minecraft:air":0,"biomesoplenty:redwood_boat":1,"minecraft:stick":8,"minecraft:stone_pickaxe":1},"minecraft:dropped":{"minecraft:cooked_mutton":1,"minecraft:wooden_axe":1,"gravestone:obituary":3,"minecraft:egg":1},"minecraft:used":{"minecraft:cooked_mutton":4,"minecraft:stone_shovel":21,"minecraft:stone_pickaxe":25,"minecraft:wooden_pickaxe":25,"minecraft:dirt":13,"minecraft:sand":6,"minecraft:crafting_table":5,"minecraft:wooden_axe":8,"biomesoplenty:redwood_boat":1,"alexsmobs:spawn_egg_cachalot_whale":2,"minecraft:stone_axe":144,"minecraft:furnace":1,"minecraft:cooked_beef":2},"minecraft:broken":{"minecraft:stone_axe":1},"minecraft:killed":{"minecraft:spider":1,"minecraft:sheep":3,"minecraft:zombie":4,"minecraft:chicken":7,"minecraft:cow":3},"minecraft:picked_up":{"minecraft:wooden_axe":1,"minecraft:birch_log":31,"minecraft:pink_petals":3,"minecraft:crafting_table":3,"minecraft:feather":3,"minecraft:lilac":2,"minecraft:chicken":6,"minecraft:leather":4,"minecraft:birch_planks":4,"minecraft:dirt":18,"minecraft:raw_copper":12,"minecraft:cooked_mutton":1,"minecraft:beef":6,"minecraft:light_gray_wool":1,"biomesoplenty:redwood_wood":29,"minecraft:birch_sapling":15,"minecraft:egg":1,"minecraft:furnace":1,"minecraft:stick":9,"sophisticatedbackpacks:backpack":1,"minecraft:cherry_log":23,"minecraft:rotten_flesh":2,"minecraft:cherry_sapling":12,"minecraft:mutton":6,"minecraft:coal":1,"minecraft:cobblestone":22,"minecraft:white_wool":2},"minecraft:mined":{"minecraft:cherry_log":24,"minecraft:crafting_table":4,"gravestone:gravestone":3,"minecraft:grass_block":3,"minecraft:copper_ore":3,"minecraft:pink_petals":2,"minecraft:large_fern":1,"minecraft:furnace":1,"minecraft:birch_log":31,"minecraft:lilac":2,"minecraft:grass":5,"minecraft:coal_ore":1,"biomesoplenty:redwood_leaves":8,"minecraft:dirt":19,"minecraft:stone":24,"biomesoplenty:redwood_wood":30},"minecraft:killed_by":{"minecraft:player":1,"minecraft:spider":1,"minecraft:zombie":1},"minecraft:custom":{"minecraft:interact_with_furnace":16,"minecraft:mob_kills":18,"minecraft:interact_with_crafting_table":10,"minecraft:leave_game":2,"minecraft:time_since_death":777,"minecraft:climb_one_cm":99,"minecraft:time_since_rest":798,"minecraft:sprint_one_cm":59087,"minecraft:damage_taken":1178,"minecraft:walk_one_cm":84448,"minecraft:drop":6,"minecraft:damage_dealt":2300,"minecraft:damage_dealt_absorbed":80,"minecraft:swim_one_cm":7604,"minecraft:fly_one_cm":157986,"minecraft:crouch_one_cm":758,"minecraft:play_time":30150,"minecraft:deaths":3,"minecraft:sneak_time":507,"minecraft:walk_under_water_one_cm":6760,"minecraft:jump":750,"minecraft:walk_on_water_one_cm":6832,"minecraft:total_world_time":30150,"minecraft:fall_one_cm":13309}},"DataVersion":3465}