{"stats":{"minecraft:dropped":{"minecraft:wooden_axe":1,"minecraft:cooked_porkchop":26,"alexsmobs:kangaroo_meat":2,"minecraft:grass_block":1},"minecraft:mined":{"minecraft:mangrove_propagule":1},"minecraft:used":{"alexsmobs:spawn_egg_raccoon":5,"securitycraft:camera_monitor":2,"minecraft:wooden_axe":3,"alexsmobs:spawn_egg_mungus":1,"minecraft:netherite_sword":15,"minecraft:sea_lantern":2,"minecraft:amethyst_block":11,"minecraft:cobblestone_stairs":10,"alexsmobs:spawn_egg_seal":1,"minecraft:grass_block":208,"alexsmobs:spawn_egg_anaconda":1,"minecraft:spruce_planks":1,"minecraft:stone":27,"securitycraft:remote_access_mine":4,"securitycraft:security_camera":3,"minecraft:parrot_spawn_egg":1,"minecraft:structure_block":16,"securitycraft:mine":4,"minecraft:dirt":139,"minecraft:sand":224,"minecraft:podzol":1,"securitycraft:reinforced_glass":57,"minecraft:spruce_stairs":1,"minecraft:light_blue_stained_glass":11},"minecraft:picked_up":{"minecraft:cooked_porkchop":17,"minecraft:sand":19,"minecraft:stone_button":56,"minecraft:grass_block":1,"minecraft:gunpowder":3,"minecraft:cobblestone_stairs":2,"quark:light_blue_shard":2,"minecraft:dirt":14,"minecraft:green_carpet":1,"alexsmobs:animal_dictionary":1,"minecraft:string":2,"minecraft:rotten_flesh":2,"minecraft:wheat_seeds":15,"minecraft:spruce_planks":1,"alexsmobs:raccoon_tail":1,"minecraft:bamboo":42,"minecraft:oak_sapling":4,"minecraft:quartz_stairs":1},"minecraft:custom":{"minecraft:time_since_rest":77812,"minecraft:sprint_one_cm":46036,"minecraft:walk_one_cm":145978,"minecraft:mob_kills":8,"minecraft:drop":30,"minecraft:damage_dealt":1255,"minecraft:player_kills":2,"minecraft:swim_one_cm":10018,"minecraft:fly_one_cm":438642,"minecraft:crouch_one_cm":3667,"minecraft:play_time":77812,"minecraft:walk_under_water_one_cm":14237,"minecraft:sneak_time":2270,"minecraft:jump":644,"minecraft:leave_game":17,"minecraft:walk_on_water_one_cm":14906,"minecraft:time_since_death":77812,"minecraft:climb_one_cm":2598,"minecraft:total_world_time":77812,"minecraft:fall_one_cm":1163},"minecraft:killed":{"minecraft:skeleton":1,"minecraft:zombie":2,"alexsmobs:anaconda":1,"alexsmobs:raccoon":1,"minecraft:spider":1,"alexsmobs:mungus":1,"minecraft:creeper":1}},"DataVersion":3465}