{"stats":{"minecraft:dropped":{"minecraft:wheat_seeds":10,"minecraft:diamond":2,"minecraft:feather":4,"minecraft:cobweb":30,"minecraft:dirt":15,"minecraft:diorite":4,"minecraft:torch":4,"minecraft:cooked_salmon":3,"minecraft:string":5,"minecraft:bone":2,"minecraft:furnace":1,"minecraft:stone_axe":1,"minecraft:stone_sword":1,"minecraft:raw_copper":10,"minecraft:tuff":12,"minecraft:rotten_flesh":21,"minecraft:glowstone_dust":2,"minecraft:rabbit_hide":18,"minecraft:potato":6,"minecraft:gunpowder":2,"quark:forgotten_hat":1,"minecraft:spider_eye":2,"minecraft:arrow":2,"minecraft:stone_pickaxe":1},"minecraft:killed_by":{"minecraft:player":1,"minecraft:creeper":2},"minecraft:used":{"minecraft:stone_sword":37,"minecraft:shield":40,"minecraft:iron_sword":291,"minecraft:cooked_salmon":18,"minecraft:cooked_chicken":3,"minecraft:oak_door":3,"minecraft:torch":7,"minecraft:iron_axe":4,"minecraft:oak_stairs":3,"minecraft:oak_sapling":1,"minecraft:furnace":2,"minecraft:cobbled_deepslate":37,"minecraft:cobblestone_stairs":1,"minecraft:stone_pickaxe":368,"minecraft:wooden_pickaxe":21,"minecraft:crafting_table":6,"minecraft:blast_furnace":5,"minecraft:white_bed":1,"sophisticatedbackpacks:backpack":1,"minecraft:bread":14,"minecraft:iron_pickaxe":211,"minecraft:stone_axe":233,"minecraft:cobblestone":156,"quark:oak_chest":2},"minecraft:crafted":{"minecraft:oak_door":3,"minecraft:oak_planks":124,"minecraft:cooked_chicken":3,"minecraft:furnace":1,"minecraft:bone_meal":81,"minecraft:iron_boots":1,"minecraft:iron_axe":1,"minecraft:stone_pickaxe":3,"minecraft:wheat":72,"minecraft:crafting_table":4,"minecraft:wooden_pickaxe":1,"minecraft:iron_helmet":1,"minecraft:iron_sword":2,"minecraft:cooked_salmon":21,"minecraft:copper_ingot":5,"minecraft:stone_axe":3,"minecraft:air":0,"minecraft:iron_chestplate":1,"minecraft:shield":1,"minecraft:stick":24,"quark:oak_chest":2,"minecraft:iron_ingot":55,"minecraft:iron_pickaxe":1,"minecraft:stone_sword":1,"minecraft:iron_leggings":1,"minecraft:torch":4},"minecraft:picked_up":{"minecraft:crafting_table":4,"minecraft:wheat":63,"minecraft:chicken":3,"minecraft:oak_stairs":54,"minecraft:string":17,"minecraft:raw_copper":34,"minecraft:zombie_head":1,"minecraft:cobbled_deepslate":46,"quark:yellow_blossom_sapling":2,"minecraft:furnace":3,"minecraft:raw_iron":221,"minecraft:oak_door":3,"minecraft:oak_fence":1,"minecraft:torch":7,"sophisticatedbackpacks:backpack":1,"quark:blossom_log":31,"minecraft:diorite":4,"minecraft:carrot":2,"minecraft:redstone":5,"minecraft:tnt":1,"minecraft:rotten_flesh":32,"minecraft:arrow":24,"minecraft:hay_block":8,"minecraft:skeleton_skull":1,"minecraft:bone_block":9,"minecraft:cobblestone":233,"minecraft:feather":8,"minecraft:tuff":12,"minecraft:oak_log":59,"minecraft:yellow_bed":1,"minecraft:gunpowder":3,"minecraft:cobblestone_stairs":3,"minecraft:lapis_lazuli":12,"minecraft:dirt":39,"quark:forgotten_hat":2,"minecraft:name_tag":1,"minecraft:bone":12,"minecraft:apple":1,"minecraft:bow":1,"minecraft:wheat_seeds":12,"minecraft:rabbit_hide":18,"minecraft:iron_ingot":6,"minecraft:cobweb":30,"minecraft:glowstone_dust":4,"minecraft:oak_planks":93,"minecraft:oak_slab":2,"minecraft:oak_pressure_plate":1,"minecraft:blast_furnace":5,"minecraft:white_bed":1,"minecraft:spider_eye":2,"minecraft:mossy_cobblestone":8,"quark:jasper":1,"biomesoplenty:flowering_oak_sapling":2,"minecraft:diamond":9,"minecraft:iron_helmet":1,"minecraft:granite":4,"minecraft:bread":8,"minecraft:oak_sapling":1,"minecraft:coal":196},"minecraft:custom":{"minecraft:mob_kills":106,"minecraft:animals_bred":7,"minecraft:interact_with_crafting_table":26,"minecraft:bell_ring":1,"minecraft:damage_dealt_resisted":110,"minecraft:leave_game":2,"minecraft:time_since_death":13863,"minecraft:sprint_one_cm":183673,"minecraft:walk_one_cm":481132,"minecraft:damage_blocked_by_shield":1280,"minecraft:drop":34,"minecraft:play_time":128367,"minecraft:deaths":3,"minecraft:sneak_time":2396,"minecraft:walk_under_water_one_cm":1784,"minecraft:jump":2461,"minecraft:interact_with_blast_furnace":18,"minecraft:walk_on_water_one_cm":15172,"minecraft:total_world_time":128367,"minecraft:interact_with_furnace":21,"minecraft:sleep_in_bed":3,"minecraft:time_since_rest":13894,"minecraft:damage_taken":3442,"minecraft:damage_dealt":20398,"minecraft:swim_one_cm":5855,"minecraft:fly_one_cm":390640,"minecraft:open_chest":17,"minecraft:crouch_one_cm":5960,"minecraft:fall_one_cm":52302},"minecraft:killed":{"minecraft:cave_spider":5,"minecraft:witch":1,"minecraft:spider":20,"quark:forgotten":1,"minecraft:skeleton":21,"minecraft:chicken":3,"minecraft:creeper":1,"minecraft:zombie":50,"minecraft:enderman":1},"minecraft:mined":{"minecraft:tuff":11,"minecraft:white_bed":1,"minecraft:mossy_cobblestone":9,"minecraft:deepslate_diamond_ore":3,"minecraft:oak_door":2,"minecraft:cobblestone_stairs":3,"minecraft:granite":4,"gravestone:gravestone":3,"minecraft:grass_block":2,"quark:jasper":13,"minecraft:hay_block":8,"minecraft:furnace":1,"minecraft:iron_ore":64,"minecraft:cobbled_deepslate":8,"minecraft:deepslate_lapis_ore":1,"minecraft:deepslate_iron_ore":98,"minecraft:dirt_path":2,"minecraft:oak_stairs":54,"minecraft:stone":159,"minecraft:oak_slab":2,"minecraft:glass_pane":6,"minecraft:oak_fence":1,"minecraft:crafting_table":4,"minecraft:blast_furnace":5,"quark:blossom_log":32,"minecraft:copper_ore":6,"minecraft:cobblestone":81,"biomesoplenty:huge_clover_petal":23,"minecraft:deepslate_gold_ore":4,"minecraft:oak_planks":34,"minecraft:diorite":5,"minecraft:wall_torch":1,"minecraft:yellow_bed":1,"minecraft:grass":17,"biomesoplenty:clover":23,"minecraft:coal_ore":90,"minecraft:oak_log":61,"minecraft:deepslate":26},"minecraft:broken":{"minecraft:stone_pickaxe":2,"minecraft:stone_axe":2,"minecraft:iron_sword":1}},"DataVersion":3465}