{"stats":{"minecraft:mined":{"minecraft:tuff":345,"minecraft:deepslate_diamond_ore":13,"biomesoplenty:desert_grass":2,"minecraft:jungle_leaves":1,"gravestone:gravestone":7,"minecraft:granite":23,"biomesoplenty:bush":67,"minecraft:allium":8,"minecraft:grass_block":743,"minecraft:jungle_log":2,"minecraft:spawner":1,"minecraft:raw_iron_block":1,"minecraft:sculk_catalyst":1,"minecraft:iron_ore":36,"minecraft:cobbled_deepslate":1,"minecraft:andesite":38,"minecraft:deepslate_lapis_ore":5,"minecraft:sculk_shrieker":1,"minecraft:deepslate_iron_ore":219,"minecraft:rail":1,"minecraft:stone":217,"minecraft:deepslate_redstone_ore":13,"minecraft:clay":1,"minecraft:crafting_table":6,"minecraft:sculk_sensor":5,"minecraft:lapis_ore":2,"minecraft:deepslate_gold_ore":25,"minecraft:sculk":153,"minecraft:diorite":5,"biomesoplenty:mahogany_log":23,"minecraft:wheat":10,"minecraft:lilac":2,"minecraft:spruce_log":5,"minecraft:grass":36,"minecraft:oak_log":59,"minecraft:coal_ore":119,"minecraft:beetroots":4,"minecraft:dirt":544,"quark:hollow_oak_log":6,"minecraft:terracotta":1,"minecraft:oak_leaves":72,"minecraft:deepslate":793,"biomesoplenty:reed":1},"minecraft:custom":{"minecraft:mob_kills":83,"minecraft:interact_with_crafting_table":47,"minecraft:leave_game":7,"minecraft:time_since_death":3263,"minecraft:climb_one_cm":218,"minecraft:sprint_one_cm":402362,"minecraft:walk_one_cm":559615,"minecraft:damage_blocked_by_shield":1475,"minecraft:drop":62,"minecraft:play_time":204508,"minecraft:deaths":6,"minecraft:sneak_time":4574,"minecraft:walk_under_water_one_cm":14765,"minecraft:jump":3684,"minecraft:interact_with_blast_furnace":27,"minecraft:walk_on_water_one_cm":21178,"minecraft:total_world_time":204508,"minecraft:interact_with_furnace":35,"minecraft:interact_with_cartography_table":1,"minecraft:time_since_rest":3356,"minecraft:damage_taken":3210,"minecraft:damage_dealt":14357,"minecraft:swim_one_cm":50893,"minecraft:fly_one_cm":529748,"minecraft:open_chest":9,"minecraft:crouch_one_cm":14472,"minecraft:interact_with_smoker":3,"minecraft:fall_one_cm":88820},"minecraft:crafted":{"minecraft:oak_planks":68,"biomesoplenty:mahogany_planks":4,"vanillaplustools:iron_shovel":1,"minecraft:cooked_chicken":2,"minecraft:furnace":2,"minecraft:stone":3,"mca:bouquet":1,"minecraft:bone_meal":60,"minecraft:cooked_mutton":3,"vanillaplustools:iron_hammer":1,"quark:hollow_oak_log":4,"minecraft:iron_axe":1,"minecraft:iron_hoe":1,"minecraft:birch_door":3,"minecraft:smoker":1,"sophisticatedbackpacks:iron_backpack":1,"minecraft:cooked_beef":1,"minecraft:deepslate":3,"minecraft:cooked_porkchop":2,"minecraft:crafting_table":4,"sophisticatedbackpacks:gold_backpack":1,"minecraft:bucket":1,"minecraft:air":0,"minecraft:stick":40,"minecraft:iron_ingot":38,"minecraft:iron_pickaxe":9,"minecraft:iron_shovel":10,"minecraft:gold_ingot":19,"quark:pickarang":1,"mca:wedding_ring":1},"minecraft:used":{"vanillaplustools:diamond_shovel":1,"minecraft:iron_shovel":19,"minecraft:shield":36,"minecraft:iron_sword":256,"minecraft:cooked_chicken":2,"minecraft:rotten_flesh":1,"minecraft:dirt":477,"minecraft:birch_door":2,"vanillaplustools:iron_shovel":224,"minecraft:iron_axe":198,"minecraft:iron_helmet":6,"minecraft:oak_sapling":19,"minecraft:furnace":1,"minecraft:cooked_beef":1,"minecraft:cobbled_deepslate":26,"minecraft:iron_leggings":1,"minecraft:cooked_mutton":6,"alexsmobs:cooked_catfish":1,"minecraft:stone_pickaxe":37,"minecraft:oak_planks":8,"quark:forgotten_hat":5,"minecraft:crafting_table":10,"minecraft:blast_furnace":1,"minecraft:white_bed":1,"minecraft:smoker":1,"quark:hollow_oak_log":10,"minecraft:apple":2,"minecraft:bread":6,"quark:pickarang":68,"minecraft:iron_pickaxe":329,"minecraft:stone_axe":9,"minecraft:cobblestone":30,"vanillaplustools:iron_hammer":193,"minecraft:cooked_porkchop":3,"minecraft:andesite":2,"minecraft:bucket":1,"minecraft:bone_meal":60},"minecraft:picked_up":{"quark:diamond_heart":1,"minecraft:crafting_table":7,"minecraft:cocoa_beans":6,"minecraft:iron_chestplate":2,"minecraft:birch_door":2,"minecraft:allium":11,"minecraft:wheat":13,"minecraft:chicken":4,"minecraft:clay_ball":4,"quark:hollow_oak_log":6,"gravestone:obituary":3,"minecraft:shield":3,"minecraft:string":3,"minecraft:iron_axe":1,"minecraft:iron_leggings":2,"alexsmobs:emu_feather":1,"minecraft:cobbled_deepslate":709,"minecraft:iron_pickaxe":2,"minecraft:egg":1,"minecraft:iron_boots":2,"minecraft:stick":41,"minecraft:raw_iron":305,"vanillaplustools:iron_shovel":2,"minecraft:diorite":5,"minecraft:carrot":23,"minecraft:redstone":53,"alexsmobs:centipede_leg":2,"minecraft:arrow":32,"minecraft:rotten_flesh":21,"minecraft:beetroot_seeds":4,"biomesoplenty:mahogany_sapling":4,"sophisticatedbackpacks:copper_backpack":1,"minecraft:mutton":5,"minecraft:rail":1,"alexsmobs:lobster_tail":1,"minecraft:white_wool":3,"minecraft:cobblestone":202,"minecraft:birch_log":1,"minecraft:feather":6,"minecraft:lilac":3,"minecraft:andesite":36,"minecraft:jungle_log":2,"minecraft:birch_planks":37,"minecraft:tuff":314,"minecraft:oak_log":59,"minecraft:lapis_lazuli":53,"minecraft:dirt":1084,"quark:forgotten_hat":4,"minecraft:leather_boots":1,"minecraft:cooked_mutton":3,"minecraft:bone":26,"minecraft:apple":3,"minecraft:bow":2,"minecraft:wheat_seeds":47,"minecraft:raw_gold":24,"minecraft:iron_ingot":32,"minecraft:stone_pickaxe":1,"minecraft:iron_sword":1,"minecraft:oak_planks":3,"minecraft:cooked_porkchop":1,"minecraft:raw_iron_block":2,"minecraft:spruce_sapling":2,"minecraft:blast_furnace":1,"minecraft:spruce_log":5,"alexsmobs:animal_dictionary":1,"minecraft:leather_helmet":3,"biomesoplenty:mahogany_log":22,"minecraft:diamond":12,"minecraft:iron_helmet":1,"minecraft:granite":22,"minecraft:bread":2,"minecraft:terracotta":1,"minecraft:oak_sapling":46,"minecraft:coal":119,"minecraft:ender_pearl":1},"minecraft:dropped":{"minecraft:enchanted_book":1,"minecraft:iron_ingot":8,"minecraft:iron_sword":1,"minecraft:lapis_lazuli":16,"quark:deepslate_furnace":1,"minecraft:ender_pearl":1,"minecraft:diamond":6,"minecraft:leather":1,"vanillaplustools:iron_shovel":2,"minecraft:coal":40,"minecraft:leather_helmet":1,"minecraft:stick":8,"minecraft:dirt":512,"minecraft:torch":47,"minecraft:iron_leggings":1,"gravestone:obituary":2,"minecraft:pumpkin":2,"minecraft:raw_iron_block":2,"minecraft:iron_pickaxe":1,"minecraft:string":4,"minecraft:bone":14,"minecraft:gold_ingot":10,"minecraft:furnace":1,"minecraft:cobbled_deepslate":128,"minecraft:tuff":50,"minecraft:raw_iron":169,"minecraft:oak_planks":3,"minecraft:iron_boots":1,"minecraft:name_tag":2,"minecraft:white_bed":1,"minecraft:pumpkin_seeds":3,"minecraft:shield":2,"minecraft:iron_chestplate":1,"minecraft:leather_boots":1,"minecraft:birch_door":1,"quark:forgotten_hat":2,"minecraft:spider_eye":1,"minecraft:arrow":13,"minecraft:wooden_pickaxe":1,"minecraft:raw_gold":5,"minecraft:egg":1},"minecraft:killed_by":{"minecraft:creeper":1,"alexsmobs:centipede_head":1,"minecraft:zombie":2},"minecraft:killed":{"alexsmobs:lobster":9,"minecraft:spider":7,"quark:forgotten":3,"minecraft:skeleton":22,"minecraft:chicken":4,"alexsmobs:centipede_head":1,"quark:stoneling":1,"minecraft:creeper":1,"alexsmobs:emu":1,"minecraft:sheep":3,"minecraft:zombie":28,"alexsmobs:gazelle":1,"alexsmobs:fly":1}},"DataVersion":3465}