{"stats":{"minecraft:crafted":{"minecraft:iron_chestplate":1,"minecraft:iron_helmet":1,"minecraft:stick":16,"minecraft:iron_pickaxe":1,"minecraft:iron_ingot":19,"minecraft:wooden_pickaxe":1,"minecraft:stone_pickaxe":4,"minecraft:wooden_axe":1,"minecraft:furnace":1,"minecraft:birch_planks":128,"minecraft:stone_axe":2,"minecraft:air":0},"minecraft:dropped":{"alexsmobs:animal_dictionary":1,"gravestone:obituary":2},"minecraft:used":{"minecraft:wooden_axe":37,"minecraft:stone_pickaxe":93,"minecraft:iron_pickaxe":5,"minecraft:iron_helmet":1,"minecraft:wooden_pickaxe":32,"minecraft:rotten_flesh":1,"minecraft:stone_axe":10,"minecraft:cobblestone":6,"minecraft:crafting_table":4,"minecraft:furnace":1},"minecraft:killed":{"minecraft:skeleton":1,"minecraft:zombie":1,"minecraft:spider":1},"minecraft:picked_up":{"minecraft:birch_log":32,"minecraft:raw_iron":19,"minecraft:crafting_table":5,"minecraft:stick":4,"minecraft:andesite":3,"minecraft:wooden_pickaxe":1,"minecraft:diorite":5,"minecraft:string":2,"minecraft:dirt":1,"minecraft:raw_copper":1,"minecraft:arrow":2,"minecraft:rotten_flesh":1,"minecraft:diamond":4,"minecraft:cobbled_deepslate":15,"minecraft:granite":7,"minecraft:birch_sapling":8,"minecraft:cobblestone":64,"minecraft:furnace":1},"minecraft:mined":{"minecraft:furnace":1,"minecraft:deepslate_diamond_ore":4,"minecraft:birch_log":36,"minecraft:iron_ore":14,"minecraft:andesite":3,"minecraft:granite":8,"minecraft:crafting_table":5,"gravestone:gravestone":2,"minecraft:grass":1,"minecraft:grass_block":1,"minecraft:deepslate_iron_ore":4,"biomesoplenty:huge_clover_petal":1,"minecraft:stone":61,"minecraft:diorite":6,"minecraft:deepslate":17},"minecraft:killed_by":{"minecraft:creeper":2},"minecraft:custom":{"minecraft:time_since_rest":6983,"minecraft:interact_with_furnace":19,"minecraft:sprint_one_cm":16804,"minecraft:damage_taken":788,"minecraft:walk_one_cm":85527,"minecraft:mob_kills":3,"minecraft:drop":3,"minecraft:damage_dealt":635,"minecraft:interact_with_crafting_table":10,"minecraft:swim_one_cm":5948,"minecraft:fly_one_cm":22179,"minecraft:crouch_one_cm":6761,"minecraft:play_time":20287,"minecraft:deaths":2,"minecraft:sneak_time":1969,"minecraft:walk_under_water_one_cm":8015,"minecraft:jump":215,"minecraft:leave_game":1,"minecraft:time_since_death":6954,"minecraft:walk_on_water_one_cm":5547,"minecraft:total_world_time":20287,"minecraft:fall_one_cm":6373}},"DataVersion":3465}