{"stats":{"minecraft:crafted":{"minecraft:oak_planks":80,"minecraft:furnace":2,"minecraft:diamond_shovel":10,"minecraft:cooked_mutton":1,"minecraft:diamond_block":3,"minecraft:diamond":27,"minecraft:iron_boots":1,"minecraft:iron_axe":1,"minecraft:iron_hoe":1,"vanillaplustools:diamond_shovel":1,"minecraft:stone_pickaxe":3,"minecraft:oak_button":1,"minecraft:cooked_beef":5,"minecraft:diamond_sword":1,"minecraft:cooked_porkchop":7,"minecraft:diamond_axe":9,"minecraft:crafting_table":2,"minecraft:wooden_pickaxe":2,"minecraft:iron_helmet":1,"minecraft:bucket":3,"minecraft:stone_axe":1,"minecraft:bread":4,"minecraft:air":0,"minecraft:iron_chestplate":1,"minecraft:diamond_pickaxe":11,"minecraft:shield":1,"minecraft:stick":84,"quark:oak_chest":2,"minecraft:iron_pickaxe":3,"minecraft:iron_ingot":47,"minecraft:stone_sword":1,"minecraft:iron_leggings":1,"vanillaplustools:diamond_hammer":1},"minecraft:dropped":{"minecraft:golden_helmet":2,"minecraft:oak_log":1,"minecraft:crafting_table":2,"minecraft:cooked_porkchop":3,"minecraft:cobblestone":41,"minecraft:cracked_stone_bricks":1,"vanillaplustools:iron_shovel":1,"minecraft:stick":4,"minecraft:dirt":17,"mca:book_romance":1,"minecraft:diorite":78,"minecraft:torch":4,"minecraft:mutton":1,"alexsmobs:flying_fish":1,"minecraft:map":1,"gravestone:obituary":2,"minecraft:iron_axe":1,"minecraft:iron_pickaxe":1,"minecraft:birch_log":11,"minecraft:bucket":2,"minecraft:gravel":2,"minecraft:stone_axe":1,"minecraft:stone_sword":2,"alexsmobs:animal_dictionary":1,"minecraft:cobbled_deepslate":185,"minecraft:raw_copper":10,"alexscaves:cave_tablet":2,"minecraft:birch_sapling":3,"minecraft:wheat":15,"minecraft:rotten_flesh":3,"minecraft:clay_ball":24,"minecraft:oak_button":1,"minecraft:andesite":27,"minecraft:oak_sapling":5,"minecraft:wooden_pickaxe":2},"minecraft:used":{"vanillaplustools:diamond_shovel":123,"minecraft:stone_sword":38,"minecraft:shield":3,"minecraft:dirt":619,"minecraft:carrot":10,"minecraft:granite":10,"minecraft:iron_hoe":48,"minecraft:iron_axe":3,"minecraft:furnace":5,"minecraft:cooked_beef":4,"minecraft:cobbled_deepslate":7,"minecraft:wheat_seeds":38,"minecraft:cooked_mutton":1,"minecraft:water_bucket":16,"minecraft:stone_pickaxe":393,"minecraft:wooden_pickaxe":41,"minecraft:diamond_axe":4,"vanillaplustools:diamond_hammer":32,"minecraft:crafting_table":11,"minecraft:diamond_shovel":60,"minecraft:bread":2,"minecraft:iron_pickaxe":571,"minecraft:gravel":2,"minecraft:stone_axe":42,"minecraft:diamond_sword":160,"minecraft:cobblestone":55,"minecraft:cooked_porkchop":4,"minecraft:bucket":17,"minecraft:andesite":4,"quark:oak_chest":2},"minecraft:broken":{"minecraft:stone_pickaxe":3,"minecraft:iron_pickaxe":2},"minecraft:killed":{"minecraft:spider":2,"minecraft:chicken":1,"alexsmobs:bison":1,"minecraft:cat":1,"minecraft:pig":4,"alexsmobs:skunk":1,"minecraft:creeper":1,"minecraft:sheep":4,"minecraft:cow":1},"minecraft:picked_up":{"minecraft:crafting_table":12,"minecraft:wheat":15,"minecraft:clay_ball":32,"alexscaves:cave_tablet":2,"minecraft:string":2,"minecraft:raw_copper":10,"minecraft:cracked_stone_bricks":1,"minecraft:cobbled_deepslate":569,"minecraft:bucket":2,"minecraft:beef":6,"minecraft:birch_sapling":3,"minecraft:furnace":3,"minecraft:golden_helmet":1,"minecraft:stick":15,"minecraft:raw_iron":48,"minecraft:torch":4,"vanillaplustools:iron_shovel":1,"minecraft:porkchop":9,"minecraft:diorite":78,"minecraft:carrot":11,"minecraft:redstone":50,"minecraft:stone_sword":1,"minecraft:rotten_flesh":3,"minecraft:mutton":7,"minecraft:white_wool":4,"alexsmobs:flying_fish":2,"minecraft:cobblestone":142,"minecraft:birch_log":11,"minecraft:feather":1,"minecraft:andesite":34,"minecraft:leather":2,"minecraft:potato":1,"minecraft:oak_log":27,"minecraft:lapis_lazuli":18,"minecraft:dirt":1194,"minecraft:wheat_seeds":42,"minecraft:gravel":5,"minecraft:diamond":175,"minecraft:diamond_axe":2,"minecraft:granite":10,"minecraft:oak_sapling":7,"minecraft:coal":17},"minecraft:mined":{"minecraft:tuff":53,"minecraft:oak_sapling":3,"minecraft:farmland":2,"minecraft:deepslate_diamond_ore":162,"gravestone:gravestone":2,"minecraft:granite":10,"biomesoplenty:bush":53,"minecraft:allium":2,"minecraft:grass_block":291,"minecraft:moss_block":7,"minecraft:furnace":3,"minecraft:carrots":11,"minecraft:iron_ore":48,"minecraft:andesite":34,"minecraft:moss_carpet":2,"minecraft:deepslate_lapis_ore":2,"biomesoplenty:high_grass":17,"minecraft:potatoes":3,"minecraft:cave_vines":1,"minecraft:vine":1,"biomesoplenty:barley":1,"minecraft:stone":133,"minecraft:deepslate_redstone_ore":12,"minecraft:powder_snow":1,"minecraft:crafting_table":10,"biomesoplenty:high_grass_plant":17,"minecraft:cobblestone":10,"minecraft:tall_grass":2,"minecraft:copper_ore":1,"biomesoplenty:sprout":1,"minecraft:diorite":26,"minecraft:seagrass":1,"minecraft:birch_log":13,"minecraft:wheat":36,"minecraft:birch_leaves":2,"minecraft:grass":83,"minecraft:coal_ore":17,"minecraft:oak_log":29,"minecraft:dirt":406,"minecraft:gravel":3,"minecraft:cracked_stone_bricks":1,"minecraft:mossy_stone_bricks":1,"minecraft:oak_leaves":33,"minecraft:deepslate":614,"minecraft:fern":6},"minecraft:custom":{"minecraft:mob_kills":17,"minecraft:animals_bred":1,"minecraft:interact_with_crafting_table":48,"minecraft:leave_game":2,"minecraft:time_since_death":141132,"minecraft:climb_one_cm":1542,"minecraft:sprint_one_cm":158365,"minecraft:walk_one_cm":449610,"minecraft:damage_blocked_by_shield":65,"minecraft:drop":66,"minecraft:play_time":159489,"minecraft:deaths":2,"minecraft:sneak_time":26396,"minecraft:walk_under_water_one_cm":31609,"minecraft:jump":1731,"minecraft:interact_with_blast_furnace":4,"minecraft:walk_on_water_one_cm":20143,"minecraft:total_world_time":159489,"minecraft:interact_with_furnace":44,"minecraft:interact_with_stonecutter":1,"minecraft:time_since_rest":141160,"minecraft:damage_taken":885,"minecraft:damage_dealt":2562,"minecraft:swim_one_cm":20643,"minecraft:fly_one_cm":280298,"minecraft:player_kills":1,"minecraft:open_chest":35,"minecraft:crouch_one_cm":87155,"minecraft:interact_with_smoker":1,"minecraft:fall_one_cm":41973}},"DataVersion":3465}