{"stats":{"minecraft:dropped":{"minecraft:gravel":3,"minecraft:furnace":1,"minecraft:wheat_seeds":9,"alexsmobs:animal_dictionary":1,"minecraft:cobbled_deepslate":3,"quark:music_disc_ocean":1,"minecraft:rotten_flesh":17,"minecraft:glowstone_dust":2,"minecraft:coal":7,"minecraft:dirt":15,"minecraft:potato":1,"mca:book_romance":2,"gravestone:obituary":3,"minecraft:string":1},"minecraft:killed_by":{"minecraft:creeper":2},"minecraft:crafted":{"minecraft:smooth_stone":3,"minecraft:diamond_sword":1,"minecraft:crafting_table":1,"minecraft:wooden_pickaxe":1,"minecraft:iron_helmet":1,"minecraft:iron_sword":1,"minecraft:furnace":2,"minecraft:blast_furnace":1,"minecraft:stone":3,"minecraft:stone_axe":1,"minecraft:bread":43,"minecraft:air":0,"minecraft:iron_chestplate":1,"minecraft:iron_boots":1,"minecraft:shield":1,"minecraft:stick":24,"minecraft:iron_ingot":94,"minecraft:iron_pickaxe":2,"minecraft:stone_pickaxe":4,"minecraft:wooden_axe":1,"minecraft:iron_leggings":1,"minecraft:acacia_planks":56,"minecraft:torch":4,"minecraft:wheat":126},"minecraft:picked_up":{"minecraft:crafting_table":6,"minecraft:wheat":5,"minecraft:andesite":63,"minecraft:potato":1,"minecraft:tuff":23,"gravestone:obituary":1,"minecraft:gunpowder":3,"mca:book_romance":1,"minecraft:string":1,"minecraft:dirt":15,"quark:forgotten_hat":2,"minecraft:bone":33,"quark:music_disc_ocean":1,"minecraft:bow":1,"minecraft:wheat_seeds":14,"minecraft:cobbled_deepslate":139,"minecraft:raw_gold":4,"minecraft:glowstone_dust":2,"minecraft:furnace":4,"minecraft:raw_iron":144,"minecraft:torch":5,"minecraft:acacia_log":14,"minecraft:gravel":3,"minecraft:blast_furnace":2,"minecraft:diorite":22,"minecraft:redstone":59,"minecraft:iron_horse_armor":1,"minecraft:arrow":28,"minecraft:rotten_flesh":19,"minecraft:diamond":37,"minecraft:hay_block":14,"minecraft:granite":22,"minecraft:saddle":1,"minecraft:bread":4,"minecraft:coal":23,"minecraft:cobblestone":213},"minecraft:used":{"minecraft:wheat_seeds":5,"minecraft:stone_pickaxe":524,"minecraft:shield":6,"minecraft:wooden_pickaxe":25,"minecraft:iron_sword":177,"minecraft:torch":5,"minecraft:crafting_table":6,"minecraft:blast_furnace":2,"minecraft:wooden_axe":15,"minecraft:bread":43,"minecraft:iron_pickaxe":140,"minecraft:stone_axe":4,"minecraft:diamond_sword":64,"minecraft:cobblestone":89,"minecraft:furnace":4,"minecraft:cobbled_deepslate":1},"minecraft:custom":{"minecraft:interact_with_furnace":52,"minecraft:mob_kills":65,"minecraft:interact_with_crafting_table":18,"minecraft:damage_dealt_resisted":57,"minecraft:interact_with_stonecutter":1,"minecraft:leave_game":2,"minecraft:time_since_death":7635,"minecraft:time_since_rest":7664,"minecraft:sprint_one_cm":94634,"minecraft:damage_taken":2626,"minecraft:walk_one_cm":419607,"minecraft:damage_blocked_by_shield":195,"minecraft:drop":18,"minecraft:damage_dealt":12897,"minecraft:swim_one_cm":1004,"minecraft:player_kills":1,"minecraft:fly_one_cm":129141,"minecraft:crouch_one_cm":4723,"minecraft:play_time":81560,"minecraft:deaths":2,"minecraft:sneak_time":1944,"minecraft:walk_under_water_one_cm":1329,"minecraft:jump":1278,"minecraft:interact_with_blast_furnace":19,"minecraft:walk_on_water_one_cm":10938,"minecraft:total_world_time":81560,"minecraft:fall_one_cm":20606},"minecraft:killed":{"minecraft:cave_spider":2,"minecraft:witch":1,"minecraft:spider":11,"minecraft:creeper":1,"quark:forgotten":2,"minecraft:skeleton":24,"minecraft:zombie":21},"minecraft:mined":{"minecraft:diamond_ore":3,"minecraft:deepslate_redstone_ore":7,"minecraft:tuff":25,"minecraft:deepslate_diamond_ore":37,"biomesoplenty:desert_grass":1,"minecraft:crafting_table":6,"gravestone:gravestone":2,"minecraft:granite":21,"minecraft:blast_furnace":2,"minecraft:acacia_log":14,"minecraft:cobblestone":10,"minecraft:deepslate_gold_ore":4,"minecraft:diorite":22,"quark:jasper":1,"biomesoplenty:dune_grass":1,"minecraft:wall_torch":1,"minecraft:hay_block":14,"minecraft:redstone_ore":6,"minecraft:furnace":4,"minecraft:iron_ore":124,"minecraft:wheat":5,"minecraft:andesite":63,"minecraft:coal_ore":26,"minecraft:deepslate_iron_ore":1,"minecraft:gravel":3,"minecraft:dirt":15,"minecraft:stone":192,"minecraft:gold_ore":1,"minecraft:deepslate":137},"minecraft:broken":{"minecraft:stone_pickaxe":4}},"DataVersion":3465}