{"stats":{"minecraft:killed":{"minecraft:pig":3,"alexsmobs:skunk":1,"minecraft:spider":2,"minecraft:creeper":1,"minecraft:sheep":1,"minecraft:cow":1},"minecraft:dropped":{"minecraft:stone_axe":1,"minecraft:golden_helmet":2,"minecraft:stone_sword":2,"minecraft:cobbled_deepslate":185,"minecraft:raw_copper":10,"minecraft:cooked_porkchop":3,"minecraft:wheat":14,"minecraft:birch_sapling":3,"minecraft:cobblestone":41,"minecraft:rotten_flesh":3,"minecraft:clay_ball":24,"minecraft:cracked_stone_bricks":1,"minecraft:stick":3,"minecraft:dirt":17,"minecraft:oak_button":1,"minecraft:diorite":78,"minecraft:mutton":1,"minecraft:andesite":27,"alexsmobs:flying_fish":1,"minecraft:oak_sapling":2,"gravestone:obituary":2,"minecraft:wooden_pickaxe":2},"minecraft:crafted":{"minecraft:oak_planks":72,"minecraft:diamond_sword":1,"minecraft:cooked_porkchop":7,"minecraft:crafting_table":2,"minecraft:wooden_pickaxe":2,"minecraft:iron_helmet":1,"minecraft:furnace":2,"minecraft:stone_axe":1,"minecraft:air":0,"minecraft:diamond_block":3,"minecraft:diamond":27,"minecraft:iron_chestplate":1,"minecraft:iron_boots":1,"minecraft:diamond_pickaxe":9,"minecraft:shield":1,"minecraft:iron_axe":1,"minecraft:stick":44,"minecraft:iron_ingot":47,"minecraft:iron_pickaxe":3,"minecraft:stone_pickaxe":3,"minecraft:stone_sword":1,"minecraft:iron_leggings":1,"minecraft:oak_button":1,"vanillaplustools:diamond_hammer":1},"minecraft:broken":{"minecraft:stone_pickaxe":3,"minecraft:iron_pickaxe":2},"minecraft:picked_up":{"minecraft:birch_log":11,"minecraft:crafting_table":10,"minecraft:wheat":14,"minecraft:clay_ball":32,"minecraft:andesite":34,"minecraft:leather":2,"minecraft:oak_log":24,"minecraft:lapis_lazuli":18,"minecraft:dirt":17,"minecraft:raw_copper":10,"minecraft:cracked_stone_bricks":1,"minecraft:cobbled_deepslate":569,"minecraft:birch_sapling":3,"minecraft:furnace":3,"minecraft:golden_helmet":1,"minecraft:stick":13,"minecraft:raw_iron":48,"minecraft:torch":2,"minecraft:gravel":2,"minecraft:porkchop":7,"minecraft:diorite":78,"minecraft:redstone":50,"minecraft:stone_sword":1,"minecraft:rotten_flesh":3,"minecraft:diamond":175,"minecraft:granite":10,"minecraft:oak_sapling":2,"minecraft:mutton":2,"minecraft:coal":17,"alexsmobs:flying_fish":2,"minecraft:white_wool":1,"minecraft:cobblestone":134},"minecraft:used":{"minecraft:stone_sword":38,"minecraft:stone_pickaxe":393,"minecraft:wooden_pickaxe":41,"minecraft:shield":3,"vanillaplustools:diamond_hammer":23,"minecraft:crafting_table":10,"minecraft:granite":10,"minecraft:iron_axe":1,"minecraft:iron_pickaxe":571,"minecraft:gravel":2,"minecraft:diamond_sword":35,"minecraft:stone_axe":42,"minecraft:cobblestone":55,"minecraft:furnace":4,"minecraft:cooked_porkchop":4,"minecraft:andesite":4,"minecraft:cobbled_deepslate":1},"minecraft:custom":{"minecraft:interact_with_furnace":33,"minecraft:mob_kills":10,"minecraft:interact_with_crafting_table":28,"minecraft:interact_with_stonecutter":1,"minecraft:leave_game":2,"minecraft:time_since_death":92841,"minecraft:climb_one_cm":1542,"minecraft:time_since_rest":92869,"minecraft:sprint_one_cm":54596,"minecraft:damage_taken":668,"minecraft:walk_one_cm":214093,"minecraft:damage_blocked_by_shield":65,"minecraft:drop":45,"minecraft:damage_dealt":1659,"minecraft:swim_one_cm":20643,"minecraft:fly_one_cm":75194,"minecraft:open_chest":16,"minecraft:play_time":111198,"minecraft:crouch_one_cm":49611,"minecraft:deaths":2,"minecraft:sneak_time":19433,"minecraft:walk_under_water_one_cm":31444,"minecraft:jump":814,"minecraft:interact_with_blast_furnace":1,"minecraft:walk_on_water_one_cm":19431,"minecraft:total_world_time":111198,"minecraft:fall_one_cm":15480},"minecraft:mined":{"minecraft:deepslate_redstone_ore":12,"minecraft:tuff":53,"minecraft:deepslate_diamond_ore":162,"minecraft:powder_snow":1,"minecraft:crafting_table":10,"minecraft:granite":10,"gravestone:gravestone":2,"minecraft:copper_ore":1,"minecraft:tall_grass":1,"minecraft:cobblestone":10,"biomesoplenty:sprout":1,"minecraft:moss_block":7,"minecraft:diorite":26,"minecraft:seagrass":1,"minecraft:furnace":3,"minecraft:birch_log":13,"minecraft:iron_ore":48,"minecraft:birch_leaves":2,"minecraft:andesite":34,"minecraft:moss_carpet":2,"minecraft:deepslate_lapis_ore":2,"minecraft:grass":9,"minecraft:oak_log":24,"minecraft:coal_ore":17,"minecraft:cave_vines":1,"minecraft:vine":1,"minecraft:gravel":2,"minecraft:dirt":17,"biomesoplenty:barley":1,"minecraft:cracked_stone_bricks":1,"minecraft:stone":116,"minecraft:mossy_stone_bricks":1,"minecraft:fern":6,"minecraft:oak_leaves":2,"minecraft:deepslate":614}},"DataVersion":3465}