{"stats":{"minecraft:killed":{"minecraft:skeleton":1},"minecraft:dropped":{"vanillaplustools:diamond_hammer":1,"minecraft:cobbled_deepslate":154,"minecraft:diamond":3,"minecraft:tuff":42,"minecraft:raw_iron":192},"minecraft:crafted":{"vanillaplustools:diamond_hammer":1},"minecraft:picked_up":{"minecraft:raw_iron":256,"minecraft:crafting_table":1,"minecraft:andesite":125,"minecraft:raw_iron_block":1,"minecraft:flint":1,"minecraft:tuff":106,"minecraft:diorite":133,"minecraft:lapis_lazuli":36,"minecraft:dirt":13,"minecraft:raw_copper":12,"minecraft:bone":1,"minecraft:arrow":3,"minecraft:diamond":5,"minecraft:cobbled_deepslate":1141,"minecraft:granite":19,"minecraft:coal":30,"minecraft:cobblestone":1088,"minecraft:diamond_pickaxe":9},"minecraft:used":{"vanillaplustools:diamond_hammer":230,"minecraft:dirt":2,"minecraft:cobblestone":1,"minecraft:crafting_table":1,"alexsmobs:animal_dictionary":5},"minecraft:custom":{"minecraft:time_since_rest":6817,"minecraft:sprint_one_cm":28786,"minecraft:damage_taken":457,"minecraft:walk_one_cm":83316,"minecraft:mob_kills":1,"minecraft:drop":10,"minecraft:damage_dealt":360,"minecraft:interact_with_crafting_table":4,"minecraft:fly_one_cm":27255,"minecraft:open_chest":2,"minecraft:crouch_one_cm":1562,"minecraft:play_time":21004,"minecraft:deaths":1,"minecraft:sneak_time":261,"minecraft:jump":222,"minecraft:leave_game":2,"minecraft:time_since_death":6789,"minecraft:total_world_time":21004,"minecraft:fall_one_cm":7010},"minecraft:killed_by":{"minecraft:skeleton":1},"minecraft:mined":{"minecraft:tuff":139,"minecraft:raw_iron_block":1,"minecraft:deepslate_diamond_ore":5,"minecraft:andesite":78,"minecraft:powder_snow":3,"minecraft:deepslate_lapis_ore":5,"gravestone:gravestone":1,"minecraft:granite":7,"minecraft:grass_block":4,"minecraft:deepslate_iron_ore":60,"minecraft:dirt":2,"minecraft:lapis_ore":1,"minecraft:stone":607,"minecraft:diorite":14,"minecraft:deepslate":923}},"DataVersion":3465}