{"stats":{"minecraft:dropped":{"minecraft:sand":2},"minecraft:mined":{"minecraft:grass":1,"minecraft:oak_log":5,"minecraft:grass_block":1,"minecraft:sand":13,"minecraft:stripped_jungle_log":1},"minecraft:used":{"minecraft:wooden_axe":8,"minecraft:sand":4,"minecraft:cooked_porkchop":1},"minecraft:killed_by":{"alexsmobs:anaconda":2,"minecraft:spider":1,"minecraft:zombie":2,"minecraft:player":2},"minecraft:picked_up":{"minecraft:wooden_axe":1,"minecraft:stick":4,"minecraft:cooked_porkchop":1,"minecraft:sand":13,"minecraft:oak_log":5,"minecraft:oak_sapling":1,"minecraft:string":1},"minecraft:custom":{"minecraft:time_since_rest":1683,"minecraft:crouch_one_cm":145,"minecraft:play_time":8474,"minecraft:sprint_one_cm":12216,"minecraft:deaths":8,"minecraft:damage_taken":2050,"minecraft:walk_one_cm":16764,"minecraft:sneak_time":271,"minecraft:drop":2,"minecraft:jump":69,"minecraft:damage_dealt":153,"minecraft:leave_game":3,"minecraft:walk_on_water_one_cm":1544,"minecraft:time_since_death":1650,"minecraft:total_world_time":8474,"minecraft:climb_one_cm":242,"minecraft:fall_one_cm":5451,"minecraft:fly_one_cm":16599}},"DataVersion":3465}