{"stats":{"minecraft:crafted":{"minecraft:shield":1,"minecraft:iron_axe":1,"minecraft:crafting_table":2,"minecraft:stick":16,"minecraft:iron_ingot":14,"minecraft:wooden_pickaxe":1,"minecraft:iron_pickaxe":2,"minecraft:stone_pickaxe":1,"minecraft:wooden_axe":1,"minecraft:iron_sword":1,"minecraft:furnace":1,"minecraft:torch":12,"minecraft:birch_planks":28,"minecraft:air":0},"minecraft:dropped":{"alexsmobs:ambergris":1},"minecraft:used":{"minecraft:wooden_axe":31,"minecraft:bread":1,"minecraft:stone_pickaxe":125,"minecraft:iron_pickaxe":24,"minecraft:wooden_pickaxe":4,"minecraft:rotten_flesh":4,"minecraft:torch":6,"minecraft:magma_block":4,"minecraft:crafting_table":2,"minecraft:furnace":1},"minecraft:killed":{"minecraft:zombie":1},"minecraft:picked_up":{"minecraft:birch_log":33,"minecraft:magma_block":4,"minecraft:stick":2,"minecraft:raw_iron":27,"minecraft:torch":1,"minecraft:gravel":15,"alexsmobs:ambergris":3,"minecraft:flint":1,"minecraft:diorite":3,"minecraft:dirt":6,"minecraft:rotten_flesh":4,"minecraft:iron_ingot":1,"minecraft:granite":11,"minecraft:birch_sapling":8,"minecraft:coal":9,"minecraft:cobblestone":96,"minecraft:furnace":1},"minecraft:mined":{"minecraft:magma_block":5,"minecraft:furnace":1,"minecraft:iron_ore":24,"minecraft:birch_log":33,"minecraft:birch_leaves":1,"minecraft:granite":11,"minecraft:grass_block":3,"minecraft:coal_ore":7,"minecraft:gravel":16,"minecraft:dirt":3,"minecraft:cobblestone":1,"minecraft:stone":96,"minecraft:diorite":5},"minecraft:custom":{"minecraft:time_since_rest":18789,"minecraft:interact_with_furnace":6,"minecraft:sprint_one_cm":11424,"minecraft:damage_taken":180,"minecraft:walk_one_cm":48414,"minecraft:mob_kills":2,"minecraft:drop":1,"minecraft:damage_dealt":211,"minecraft:interact_with_crafting_table":11,"minecraft:swim_one_cm":55005,"minecraft:fly_one_cm":2431,"minecraft:open_chest":2,"minecraft:play_time":18789,"minecraft:sneak_time":1699,"minecraft:walk_under_water_one_cm":12090,"minecraft:jump":41,"minecraft:leave_game":1,"minecraft:walk_on_water_one_cm":7563,"minecraft:time_since_death":18789,"minecraft:total_world_time":18789,"minecraft:fall_one_cm":480}},"DataVersion":3465}