{"stats":{"minecraft:mined":{"minecraft:deepslate_redstone_ore":8,"minecraft:tuff":139,"minecraft:deepslate_diamond_ore":10,"minecraft:sculk_vein":5,"minecraft:powder_snow":3,"minecraft:crafting_table":1,"minecraft:granite":7,"gravestone:gravestone":2,"minecraft:grass_block":5,"minecraft:sculk_sensor":7,"minecraft:cobblestone":1,"minecraft:deepslate_gold_ore":5,"minecraft:lapis_ore":1,"minecraft:oak_planks":1,"minecraft:sculk":245,"minecraft:diorite":14,"minecraft:raw_iron_block":1,"minecraft:andesite":78,"minecraft:deepslate_lapis_ore":5,"quark:deepslate_furnace":2,"minecraft:grass":6,"minecraft:coal_ore":7,"minecraft:oak_log":253,"minecraft:deepslate_iron_ore":65,"minecraft:dirt":6,"minecraft:cobweb":3,"minecraft:stone":1255,"minecraft:oak_leaves":8,"minecraft:deepslate":973},"minecraft:picked_up":{"minecraft:crafting_table":2,"minecraft:andesite":125,"minecraft:salmon":7,"minecraft:golden_pickaxe":2,"minecraft:flint":1,"minecraft:tuff":106,"minecraft:oak_log":226,"gravestone:obituary":1,"mca:book_romance":1,"minecraft:lapis_lazuli":36,"alexsmobs:gazelle_horn":2,"minecraft:string":7,"minecraft:dirt":31,"minecraft:raw_copper":12,"minecraft:iron_axe":1,"minecraft:cooked_mutton":3,"minecraft:bone":3,"minecraft:apple":1,"minecraft:wheat_seeds":2,"minecraft:cobbled_deepslate":1184,"minecraft:raw_gold":18,"minecraft:rabbit_hide":21,"minecraft:deepslate_diamond_ore":5,"minecraft:iron_ingot":2,"minecraft:cobweb":3,"minecraft:melon_slice":1,"minecraft:oak_planks":1,"minecraft:egg":2,"biomesoplenty:toadstool":1,"minecraft:raw_iron":301,"minecraft:stick":38,"minecraft:stone":1,"minecraft:dandelion":6,"minecraft:raw_iron_block":1,"quark:deepslate_furnace":2,"minecraft:diorite":133,"minecraft:redstone":17,"alexsmobs:raw_catfish":1,"minecraft:arrow":4,"minecraft:rotten_flesh":27,"minecraft:sugar":1,"minecraft:diamond":8,"minecraft:deepslate":2,"minecraft:granite":19,"minecraft:bone_meal":1,"minecraft:gold_ingot":1,"minecraft:bread":4,"minecraft:oak_sapling":68,"minecraft:mutton":2,"minecraft:white_wool":1,"minecraft:coal":106,"minecraft:cobblestone":1611,"minecraft:diamond_pickaxe":9},"minecraft:crafted":{"minecraft:raw_iron":9,"minecraft:iron_sword":1,"minecraft:cooked_salmon":7,"quark:deepslate_furnace":1,"minecraft:cooked_mutton":1,"minecraft:air":0,"vanillaplustools:iron_hammer":1,"minecraft:iron_chestplate":1,"minecraft:leather":5,"minecraft:shield":1,"minecraft:iron_axe":5,"minecraft:iron_hoe":1,"minecraft:stick":72,"minecraft:iron_ingot":78,"minecraft:iron_pickaxe":10,"minecraft:gold_ingot":10,"alexsmobs:cooked_catfish":1,"vanillaplustools:diamond_hammer":1},"minecraft:used":{"minecraft:cooked_mutton":4,"alexsmobs:cooked_catfish":1,"minecraft:oak_planks":1,"minecraft:shield":3,"minecraft:iron_sword":3,"minecraft:cooked_salmon":5,"vanillaplustools:diamond_hammer":230,"minecraft:dirt":6,"minecraft:crafting_table":1,"minecraft:iron_hoe":250,"quark:deepslate_furnace":3,"minecraft:bread":4,"minecraft:melon_slice":1,"minecraft:iron_axe":391,"minecraft:cobblestone":21,"vanillaplustools:iron_hammer":93,"alexsmobs:animal_dictionary":5,"minecraft:egg":2,"minecraft:golden_pickaxe":15,"minecraft:cooked_beef":9,"minecraft:cobweb":3,"minecraft:cobbled_deepslate":23},"minecraft:broken":{"minecraft:iron_axe":1,"minecraft:iron_hoe":1},"minecraft:dropped":{"vanillaplustools:diamond_hammer":1,"minecraft:birch_planks":1,"minecraft:cobbled_deepslate":740,"minecraft:diamond":5,"minecraft:tuff":106,"minecraft:deepslate_diamond_ore":5,"minecraft:raw_iron":192,"minecraft:cobblestone":770,"minecraft:apple":1,"minecraft:dirt":12,"minecraft:stone":1,"minecraft:diorite":192,"minecraft:andesite":61,"gravestone:obituary":1,"minecraft:iron_axe":1,"minecraft:iron_pickaxe":1,"minecraft:string":4,"minecraft:gold_ingot":8,"minecraft:bone":1},"minecraft:killed":{"minecraft:cave_spider":2,"minecraft:witch":1,"minecraft:salmon":7,"minecraft:spider":1,"minecraft:creeper":1,"minecraft:sheep":1,"minecraft:skeleton":2,"alexsmobs:catfish":2,"minecraft:zombie":23,"alexsmobs:terrapin":1,"alexsmobs:gazelle":1,"minecraft:drowned":1},"minecraft:killed_by":{"minecraft:player":1,"minecraft:skeleton":1},"minecraft:custom":{"minecraft:interact_with_furnace":110,"minecraft:mob_kills":43,"minecraft:interact_with_crafting_table":23,"minecraft:leave_game":7,"minecraft:time_since_death":67448,"minecraft:time_since_rest":67482,"minecraft:damage_taken":2079,"minecraft:sprint_one_cm":213566,"minecraft:walk_one_cm":346851,"minecraft:damage_blocked_by_shield":35,"minecraft:drop":53,"minecraft:damage_dealt":7294,"minecraft:swim_one_cm":34642,"minecraft:fly_one_cm":377536,"minecraft:open_chest":43,"minecraft:play_time":89188,"minecraft:crouch_one_cm":5213,"minecraft:sneak_time":1685,"minecraft:deaths":2,"minecraft:walk_under_water_one_cm":17470,"minecraft:jump":1961,"minecraft:walk_on_water_one_cm":10942,"minecraft:total_world_time":89188,"minecraft:fall_one_cm":57215}},"DataVersion":3465}