{"stats":{"minecraft:crafted":{"minecraft:raw_iron":9,"quark:deepslate_furnace":1,"minecraft:air":0,"vanillaplustools:iron_hammer":1,"minecraft:iron_chestplate":1,"minecraft:shield":1,"minecraft:iron_axe":5,"minecraft:iron_hoe":1,"minecraft:stick":72,"minecraft:iron_ingot":78,"minecraft:iron_pickaxe":10,"minecraft:gold_ingot":3,"vanillaplustools:diamond_hammer":1},"minecraft:dropped":{"vanillaplustools:diamond_hammer":1,"minecraft:birch_planks":1,"minecraft:cobbled_deepslate":740,"minecraft:diamond":5,"minecraft:tuff":106,"minecraft:deepslate_diamond_ore":5,"minecraft:raw_iron":192,"minecraft:cobblestone":770,"minecraft:apple":1,"minecraft:dirt":12,"minecraft:stone":1,"minecraft:diorite":192,"minecraft:andesite":61,"gravestone:obituary":1,"minecraft:iron_pickaxe":1,"minecraft:string":4,"minecraft:bone":1},"minecraft:used":{"minecraft:cooked_mutton":3,"minecraft:shield":3,"vanillaplustools:diamond_hammer":230,"minecraft:dirt":2,"minecraft:crafting_table":1,"minecraft:iron_hoe":250,"quark:deepslate_furnace":1,"minecraft:bread":2,"minecraft:iron_axe":371,"minecraft:melon_slice":1,"minecraft:cobblestone":1,"vanillaplustools:iron_hammer":35,"alexsmobs:animal_dictionary":5,"minecraft:cooked_beef":9,"minecraft:cobbled_deepslate":23,"minecraft:golden_pickaxe":14},"minecraft:broken":{"minecraft:iron_axe":1,"minecraft:iron_hoe":1},"minecraft:killed":{"minecraft:cave_spider":2,"minecraft:witch":1,"minecraft:spider":1,"minecraft:creeper":1,"minecraft:skeleton":2,"minecraft:zombie":23},"minecraft:picked_up":{"minecraft:crafting_table":2,"minecraft:andesite":125,"minecraft:golden_pickaxe":2,"minecraft:flint":1,"minecraft:tuff":106,"minecraft:oak_log":226,"gravestone:obituary":1,"mca:book_romance":1,"alexsmobs:gazelle_horn":1,"minecraft:lapis_lazuli":36,"minecraft:dirt":14,"minecraft:string":4,"minecraft:raw_copper":12,"minecraft:cooked_mutton":3,"minecraft:bone":3,"minecraft:apple":1,"minecraft:wheat_seeds":2,"minecraft:cobbled_deepslate":1184,"minecraft:raw_gold":18,"minecraft:rabbit_hide":21,"minecraft:deepslate_diamond_ore":5,"minecraft:iron_ingot":2,"minecraft:cobweb":3,"minecraft:melon_slice":1,"biomesoplenty:toadstool":1,"minecraft:stick":38,"minecraft:raw_iron":301,"minecraft:stone":1,"minecraft:raw_iron_block":1,"quark:deepslate_furnace":2,"minecraft:diorite":133,"minecraft:redstone":17,"minecraft:arrow":4,"minecraft:sugar":1,"minecraft:rotten_flesh":27,"minecraft:diamond":7,"minecraft:deepslate":2,"minecraft:granite":19,"minecraft:gold_ingot":1,"minecraft:bread":4,"minecraft:oak_sapling":68,"minecraft:coal":106,"minecraft:cobblestone":1283,"minecraft:diamond_pickaxe":9},"minecraft:mined":{"minecraft:deepslate_redstone_ore":8,"minecraft:tuff":139,"minecraft:deepslate_diamond_ore":10,"minecraft:sculk_vein":5,"minecraft:powder_snow":3,"minecraft:crafting_table":1,"gravestone:gravestone":2,"minecraft:granite":7,"minecraft:grass_block":4,"minecraft:sculk_sensor":7,"minecraft:lapis_ore":1,"minecraft:deepslate_gold_ore":5,"minecraft:sculk":245,"minecraft:diorite":14,"minecraft:raw_iron_block":1,"minecraft:andesite":78,"minecraft:deepslate_lapis_ore":5,"quark:deepslate_furnace":2,"minecraft:grass":5,"minecraft:oak_log":253,"minecraft:coal_ore":7,"minecraft:deepslate_iron_ore":65,"minecraft:dirt":2,"minecraft:stone":808,"minecraft:oak_leaves":6,"minecraft:deepslate":973},"minecraft:killed_by":{"minecraft:player":1,"minecraft:skeleton":1},"minecraft:custom":{"minecraft:interact_with_furnace":85,"minecraft:mob_kills":30,"minecraft:interact_with_crafting_table":20,"minecraft:leave_game":4,"minecraft:time_since_death":43892,"minecraft:time_since_rest":43926,"minecraft:sprint_one_cm":145127,"minecraft:damage_taken":1634,"minecraft:walk_one_cm":271836,"minecraft:damage_blocked_by_shield":35,"minecraft:drop":50,"minecraft:damage_dealt":6388,"minecraft:swim_one_cm":9755,"minecraft:fly_one_cm":243365,"minecraft:open_chest":22,"minecraft:crouch_one_cm":5058,"minecraft:play_time":65632,"minecraft:sneak_time":1612,"minecraft:deaths":2,"minecraft:walk_under_water_one_cm":5535,"minecraft:jump":1378,"minecraft:walk_on_water_one_cm":5921,"minecraft:total_world_time":65632,"minecraft:fall_one_cm":37766}},"DataVersion":3465}