{"stats":{"minecraft:killed":{"minecraft:pig":4,"minecraft:creeper":1,"minecraft:skeleton":9,"minecraft:sheep":8,"minecraft:zombie":14,"minecraft:chicken":5,"minecraft:cow":3},"minecraft:dropped":{"minecraft:wheat_seeds":1,"minecraft:tuff":5,"minecraft:feather":5,"minecraft:rotten_flesh":3,"minecraft:light_gray_wool":1,"minecraft:granite":16,"minecraft:cooked_mutton":1,"minecraft:leather_helmet":1,"minecraft:dirt":9,"minecraft:gray_wool":1,"minecraft:andesite":7,"minecraft:oak_sapling":49,"gravestone:obituary":1,"minecraft:stone_pickaxe":1,"minecraft:wooden_pickaxe":2,"minecraft:egg":3,"minecraft:redstone":8},"minecraft:broken":{"minecraft:stone_sword":1,"minecraft:stone_axe":1,"minecraft:iron_pickaxe":2},"minecraft:crafted":{"minecraft:cooked_beef":6,"minecraft:red_dye":3,"minecraft:oak_door":3,"minecraft:oak_planks":36,"minecraft:raw_iron":9,"minecraft:stone_shovel":1,"minecraft:cooked_porkchop":3,"minecraft:crafting_table":1,"minecraft:cooked_chicken":5,"minecraft:wooden_pickaxe":1,"minecraft:iron_helmet":1,"minecraft:iron_sword":1,"minecraft:red_bed":1,"minecraft:furnace":2,"minecraft:red_wool":3,"mca:bouquet":1,"minecraft:bucket":1,"minecraft:stone_axe":2,"minecraft:cooked_mutton":12,"minecraft:air":0,"vanillaplustools:iron_hammer":1,"minecraft:iron_chestplate":1,"minecraft:iron_boots":1,"minecraft:shield":1,"minecraft:stick":16,"minecraft:iron_ingot":78,"minecraft:stone_pickaxe":1,"minecraft:iron_pickaxe":12,"minecraft:stone_sword":1,"minecraft:iron_leggings":1},"minecraft:picked_up":{"minecraft:crafting_table":9,"minecraft:feather":5,"minecraft:chicken":5,"minecraft:andesite":7,"minecraft:leather":4,"minecraft:wooden_pickaxe":1,"minecraft:flint":3,"minecraft:tuff":31,"minecraft:oak_log":132,"minecraft:string":14,"minecraft:lapis_lazuli":75,"minecraft:dirt":27,"minecraft:red_bed":1,"minecraft:bone":14,"minecraft:apple":7,"minecraft:wheat_seeds":1,"minecraft:cobbled_deepslate":245,"minecraft:raw_gold":23,"minecraft:beef":6,"minecraft:poppy":8,"minecraft:light_gray_wool":1,"minecraft:bamboo":51,"minecraft:sugar_cane":11,"minecraft:furnace":10,"minecraft:egg":3,"minecraft:stick":20,"minecraft:raw_iron":135,"minecraft:raw_iron_block":1,"minecraft:gravel":9,"minecraft:porkchop":6,"minecraft:amethyst_shard":44,"minecraft:redstone":25,"minecraft:leather_helmet":1,"minecraft:arrow":20,"minecraft:rotten_flesh":9,"minecraft:diamond":15,"minecraft:granite":16,"minecraft:gray_wool":1,"minecraft:oak_sapling":49,"minecraft:mutton":12,"minecraft:coal":90,"minecraft:white_wool":6,"minecraft:cobblestone":186},"minecraft:custom":{"minecraft:interact_with_furnace":110,"minecraft:mob_kills":44,"minecraft:interact_with_crafting_table":20,"minecraft:damage_dealt_resisted":121,"minecraft:leave_game":1,"minecraft:time_since_death":20234,"minecraft:sleep_in_bed":2,"minecraft:time_since_rest":20306,"minecraft:sprint_one_cm":346473,"minecraft:damage_taken":1527,"minecraft:walk_one_cm":226074,"minecraft:damage_blocked_by_shield":945,"minecraft:drop":21,"minecraft:damage_dealt":7037,"minecraft:swim_one_cm":25787,"minecraft:fly_one_cm":213618,"minecraft:crouch_one_cm":9570,"minecraft:play_time":83571,"minecraft:deaths":1,"minecraft:sneak_time":5200,"minecraft:walk_under_water_one_cm":2517,"minecraft:jump":1568,"minecraft:walk_on_water_one_cm":7721,"minecraft:total_world_time":83571,"minecraft:fall_one_cm":40023},"minecraft:used":{"minecraft:cooked_mutton":11,"minecraft:water_bucket":2,"minecraft:stone_sword":118,"minecraft:stone_pickaxe":122,"minecraft:stone_shovel":8,"minecraft:wooden_pickaxe":29,"minecraft:shield":34,"minecraft:iron_sword":24,"minecraft:cooked_chicken":5,"minecraft:iron_chestplate":1,"minecraft:dirt":17,"minecraft:red_bed":1,"minecraft:crafting_table":9,"minecraft:tuff":2,"minecraft:iron_pickaxe":533,"minecraft:iron_helmet":1,"minecraft:stone_axe":191,"minecraft:cobblestone":60,"vanillaplustools:iron_hammer":12,"minecraft:furnace":10,"minecraft:cooked_porkchop":3,"minecraft:bucket":2,"minecraft:cooked_beef":6,"minecraft:cobbled_deepslate":1,"minecraft:iron_leggings":1},"minecraft:killed_by":{"minecraft:enderman":1},"minecraft:mined":{"minecraft:deepslate_redstone_ore":2,"minecraft:diamond_ore":1,"minecraft:large_amethyst_bud":2,"minecraft:tuff":42,"minecraft:red_bed":1,"minecraft:deepslate_diamond_ore":14,"minecraft:medium_amethyst_bud":1,"minecraft:amethyst_cluster":11,"minecraft:powder_snow":2,"minecraft:crafting_table":9,"gravestone:gravestone":1,"minecraft:granite":16,"minecraft:grass_block":3,"minecraft:poppy":8,"minecraft:cobblestone":9,"minecraft:deepslate_gold_ore":23,"minecraft:lapis_ore":8,"minecraft:sugar_cane":6,"minecraft:raw_iron_block":1,"minecraft:redstone_ore":4,"minecraft:furnace":10,"minecraft:iron_ore":15,"minecraft:birch_leaves":1,"minecraft:andesite":7,"minecraft:deepslate_lapis_ore":4,"minecraft:grass":5,"minecraft:coal_ore":90,"minecraft:oak_log":134,"minecraft:deepslate_iron_ore":97,"minecraft:dirt":5,"minecraft:cobweb":13,"minecraft:bamboo":5,"minecraft:stone":181,"minecraft:oak_leaves":3,"minecraft:deepslate":230,"minecraft:fern":1}},"DataVersion":3465}