{"stats":{"minecraft:crafted":{"minecraft:cooked_beef":5,"minecraft:stone_shovel":1,"minecraft:shield":1,"minecraft:crafting_table":1,"minecraft:iron_pickaxe":1,"minecraft:stick":16,"minecraft:iron_ingot":12,"minecraft:birch_boat":1,"minecraft:wooden_pickaxe":1,"minecraft:stone_pickaxe":1,"minecraft:stone_sword":1,"minecraft:furnace":2,"minecraft:bucket":1,"minecraft:torch":4,"minecraft:birch_planks":28,"minecraft:stone_axe":1,"minecraft:air":0},"minecraft:dropped":{"alexsmobs:maggot":1,"minecraft:birch_sapling":32,"minecraft:azalea":1,"minecraft:stone_pickaxe":1,"minecraft:wooden_pickaxe":1,"minecraft:spruce_sapling":2},"minecraft:used":{"minecraft:diorite":3,"minecraft:stone_sword":5,"minecraft:stone_shovel":3,"minecraft:stone_pickaxe":107,"minecraft:birch_boat":2,"minecraft:wooden_pickaxe":30,"minecraft:stone_axe":149,"minecraft:torch":2,"minecraft:dirt":6,"minecraft:crafting_table":3,"minecraft:egg":1,"minecraft:furnace":4,"minecraft:bucket":1,"minecraft:cooked_beef":2,"minecraft:granite":4},"minecraft:broken":{"minecraft:stone_axe":1},"minecraft:killed":{"minecraft:cow":2},"minecraft:picked_up":{"minecraft:birch_log":107,"minecraft:raw_iron":19,"minecraft:stick":27,"minecraft:crafting_table":2,"minecraft:birch_boat":2,"minecraft:leather":4,"minecraft:torch":2,"minecraft:spruce_sapling":2,"minecraft:diorite":14,"minecraft:spruce_log":12,"minecraft:dirt":6,"minecraft:granite":4,"minecraft:beef":5,"minecraft:azalea":1,"minecraft:glow_berries":2,"alexsmobs:maggot":1,"minecraft:sugar_cane":22,"minecraft:birch_sapling":32,"minecraft:coal":11,"minecraft:furnace":2,"minecraft:cobblestone":81,"minecraft:egg":1},"minecraft:mined":{"minecraft:furnace":2,"minecraft:iron_ore":19,"minecraft:birch_log":106,"minecraft:spruce_log":29,"minecraft:torch":1,"minecraft:crafting_table":2,"minecraft:granite":4,"minecraft:grass":1,"minecraft:grass_block":2,"minecraft:coal_ore":11,"minecraft:dirt":4,"minecraft:tall_grass":1,"minecraft:moss_block":1,"minecraft:stone":81,"minecraft:sugar_cane":8,"minecraft:diorite":14},"minecraft:custom":{"minecraft:time_since_rest":16927,"minecraft:interact_with_furnace":21,"minecraft:sprint_one_cm":34832,"minecraft:damage_taken":50,"minecraft:walk_one_cm":42902,"minecraft:mob_kills":2,"minecraft:drop":6,"minecraft:damage_dealt":200,"minecraft:interact_with_crafting_table":7,"minecraft:fly_one_cm":23014,"minecraft:crouch_one_cm":1734,"minecraft:play_time":16927,"minecraft:sneak_time":907,"minecraft:jump":144,"minecraft:walk_on_water_one_cm":1047,"minecraft:time_since_death":16927,"minecraft:total_world_time":16927,"minecraft:fall_one_cm":3468}},"DataVersion":3465}