{"stats":{"minecraft:crafted":{"minecraft:oak_door":3,"minecraft:magenta_wool":3,"minecraft:oak_planks":536,"minecraft:raw_iron":9,"minecraft:stone_shovel":1,"minecraft:cooked_chicken":5,"minecraft:furnace":4,"minecraft:stone_button":8,"minecraft:stone":8,"mca:bouquet":1,"securitycraft:keypad_item":1,"securitycraft:keypad_frame":1,"minecraft:heavy_weighted_pressure_plate":1,"minecraft:cooked_mutton":14,"minecraft:glass_pane":32,"securitycraft:laser_block":1,"minecraft:glass":21,"vanillaplustools:iron_hammer":1,"minecraft:iron_boots":1,"minecraft:polished_deepslate":52,"minecraft:iron_axe":1,"securitycraft:universal_block_remover":1,"minecraft:stone_pickaxe":1,"minecraft:iron_door":3,"minecraft:redstone_block":1,"minecraft:magenta_dye":3,"securitycraft:keypad_door_item":1,"minecraft:cooked_beef":20,"minecraft:red_dye":3,"minecraft:magenta_bed":1,"minecraft:oak_slab":6,"minecraft:cooked_porkchop":30,"minecraft:crafting_table":1,"minecraft:spruce_planks":4,"minecraft:wooden_pickaxe":1,"minecraft:iron_helmet":1,"minecraft:iron_sword":1,"minecraft:red_bed":1,"minecraft:red_wool":3,"minecraft:bucket":1,"minecraft:stone_axe":2,"minecraft:air":0,"securitycraft:door_indestructible_iron_item":2,"minecraft:iron_chestplate":1,"minecraft:shield":1,"minecraft:stick":16,"quark:oak_chest":2,"minecraft:iron_ingot":120,"minecraft:iron_pickaxe":12,"minecraft:oak_stairs":196,"minecraft:stone_sword":1,"minecraft:iron_shovel":1,"minecraft:iron_leggings":1,"minecraft:gold_ingot":23,"minecraft:shears":1,"securitycraft:universal_block_reinforcer_lvl1":1},"minecraft:dropped":{"minecraft:wheat_seeds":42,"minecraft:feather":5,"minecraft:granite":16,"minecraft:leather_helmet":1,"minecraft:dirt":10,"minecraft:gray_wool":1,"gravestone:obituary":1,"minecraft:bone":14,"minecraft:gold_ingot":8,"minecraft:redstone":8,"minecraft:polished_deepslate":4,"minecraft:tuff":5,"minecraft:rotten_flesh":9,"minecraft:light_gray_wool":1,"minecraft:cooked_mutton":1,"minecraft:andesite":7,"minecraft:oak_sapling":57,"minecraft:wooden_pickaxe":2,"minecraft:stone_pickaxe":1,"minecraft:egg":3},"minecraft:used":{"minecraft:stone_sword":118,"minecraft:iron_shovel":74,"minecraft:polished_deepslate":3,"minecraft:stone_shovel":134,"minecraft:shield":47,"biomesoplenty:orange_cosmos":1,"minecraft:iron_sword":117,"securitycraft:keypad_door_item":1,"minecraft:cooked_chicken":5,"minecraft:iron_chestplate":1,"minecraft:dirt":154,"securitycraft:keypad_item":1,"minecraft:carrot":6,"minecraft:tuff":15,"minecraft:iron_axe":73,"minecraft:oak_stairs":226,"minecraft:iron_helmet":1,"minecraft:oak_sapling":1,"minecraft:furnace":24,"minecraft:cooked_beef":13,"minecraft:cobbled_deepslate":1,"minecraft:iron_leggings":1,"minecraft:cooked_mutton":11,"minecraft:wheat_seeds":19,"minecraft:water_bucket":19,"securitycraft:door_indestructible_iron_item":1,"quark:cobblestone_bricks":1,"minecraft:stone_pickaxe":122,"minecraft:oak_planks":259,"minecraft:wooden_pickaxe":29,"securitycraft:keypad_frame":1,"minecraft:magenta_bed":1,"minecraft:oak_slab":14,"minecraft:crafting_table":12,"minecraft:red_bed":4,"securitycraft:universal_block_remover":1,"minecraft:oak_log":28,"minecraft:map":1,"minecraft:iron_pickaxe":583,"minecraft:stone_axe":294,"minecraft:cobblestone":62,"vanillaplustools:iron_hammer":12,"minecraft:cooked_porkchop":5,"minecraft:bucket":20,"minecraft:glass_pane":28,"quark:oak_chest":2},"minecraft:broken":{"minecraft:stone_sword":1,"minecraft:stone_axe":2,"minecraft:iron_pickaxe":2,"minecraft:stone_shovel":1},"minecraft:killed":{"minecraft:spider":1,"minecraft:skeleton":9,"minecraft:chicken":5,"minecraft:pig":19,"minecraft:creeper":1,"minecraft:sheep":10,"minecraft:zombie":16,"alexsmobs:gazelle":2,"minecraft:cow":9},"minecraft:picked_up":{"minecraft:wheat":21,"minecraft:allium":30,"minecraft:crafting_table":11,"minecraft:chicken":5,"minecraft:clay_ball":12,"minecraft:wooden_pickaxe":1,"minecraft:oak_stairs":30,"minecraft:polished_deepslate":3,"minecraft:string":14,"minecraft:red_bed":3,"minecraft:cobbled_deepslate":245,"minecraft:beef":20,"minecraft:poppy":8,"minecraft:light_gray_wool":1,"biomesoplenty:wildflower":1,"minecraft:sugar_cane":11,"minecraft:furnace":20,"minecraft:egg":3,"minecraft:stick":34,"minecraft:raw_iron":136,"minecraft:porkchop":42,"minecraft:carrot":49,"minecraft:redstone":25,"biomesoplenty:blue_hydrangea":3,"minecraft:arrow":20,"minecraft:rotten_flesh":9,"minecraft:cobblestone":193,"minecraft:mutton":16,"biomesoplenty:orange_cosmos":1,"minecraft:white_wool":7,"minecraft:feather":5,"minecraft:lilac":37,"minecraft:andesite":7,"minecraft:leather":13,"minecraft:potato":17,"minecraft:flint":3,"minecraft:tuff":44,"minecraft:oak_log":162,"minecraft:lapis_lazuli":75,"minecraft:dirt":212,"securitycraft:reinforced_stone_button":8,"minecraft:bone":14,"minecraft:apple":12,"minecraft:wheat_seeds":78,"minecraft:raw_gold":23,"minecraft:bamboo":51,"minecraft:oak_planks":70,"minecraft:oak_slab":14,"minecraft:cooked_porkchop":1,"minecraft:raw_iron_block":1,"minecraft:gravel":9,"minecraft:sand":21,"minecraft:amethyst_shard":44,"minecraft:spruce_log":1,"minecraft:leather_helmet":1,"quark:cobblestone_bricks":1,"minecraft:diamond":15,"minecraft:granite":16,"minecraft:gray_wool":2,"securitycraft:keypad":1,"minecraft:oak_sapling":71,"minecraft:coal":112},"minecraft:mined":{"minecraft:diamond_ore":1,"minecraft:large_amethyst_bud":2,"minecraft:tuff":55,"minecraft:deepslate_diamond_ore":14,"biomesoplenty:desert_grass":15,"gravestone:gravestone":1,"minecraft:granite":16,"biomesoplenty:bush":78,"minecraft:allium":30,"minecraft:grass_block":185,"minecraft:redstone_ore":4,"minecraft:raw_iron_block":1,"minecraft:furnace":20,"biomesoplenty:orange_cosmos":1,"minecraft:iron_ore":16,"minecraft:andesite":7,"minecraft:deepslate_lapis_ore":4,"minecraft:polished_deepslate":3,"minecraft:deepslate_iron_ore":97,"minecraft:dirt_path":1,"minecraft:oak_stairs":30,"minecraft:bamboo":5,"minecraft:stone":188,"minecraft:deepslate_redstone_ore":2,"minecraft:oak_slab":12,"minecraft:red_bed":3,"minecraft:medium_amethyst_bud":1,"biomesoplenty:wildflower":1,"minecraft:amethyst_cluster":11,"minecraft:powder_snow":2,"minecraft:clay":3,"minecraft:crafting_table":11,"quark:cobblestone_bricks":1,"minecraft:poppy":8,"minecraft:tall_grass":1,"minecraft:cobblestone":9,"minecraft:lapis_ore":8,"minecraft:deepslate_gold_ore":23,"minecraft:sugar_cane":6,"minecraft:oak_planks":70,"biomesoplenty:blue_hydrangea":3,"minecraft:lilac":37,"minecraft:spruce_log":1,"minecraft:birch_leaves":1,"minecraft:grass":205,"minecraft:oak_log":164,"minecraft:coal_ore":105,"minecraft:sand":21,"minecraft:dirt":6,"minecraft:cobweb":13,"minecraft:oak_leaves":80,"minecraft:deepslate":230,"minecraft:fern":1},"minecraft:killed_by":{"minecraft:enderman":1},"minecraft:custom":{"minecraft:mob_kills":72,"minecraft:interact_with_crafting_table":51,"minecraft:damage_dealt_resisted":121,"minecraft:leave_game":3,"minecraft:time_since_death":123799,"minecraft:sprint_one_cm":665279,"minecraft:walk_one_cm":778132,"minecraft:damage_blocked_by_shield":1315,"minecraft:drop":31,"minecraft:damage_dealt_absorbed":120,"minecraft:play_time":187136,"minecraft:sneak_time":5711,"minecraft:deaths":1,"minecraft:walk_under_water_one_cm":3132,"minecraft:jump":3035,"minecraft:walk_on_water_one_cm":10721,"minecraft:total_world_time":187136,"minecraft:interact_with_furnace":213,"minecraft:sleep_in_bed":7,"minecraft:time_since_rest":29939,"minecraft:damage_taken":1763,"minecraft:damage_dealt":10870,"minecraft:swim_one_cm":26944,"minecraft:fly_one_cm":538762,"minecraft:open_chest":39,"minecraft:crouch_one_cm":11621,"minecraft:fall_one_cm":77502}},"DataVersion":3465}