{"stats":{"minecraft:mined":{"minecraft:large_amethyst_bud":2,"minecraft:diamond_ore":1,"minecraft:tuff":42,"minecraft:deepslate_diamond_ore":14,"biomesoplenty:desert_grass":15,"minecraft:granite":16,"gravestone:gravestone":1,"minecraft:allium":14,"biomesoplenty:bush":77,"minecraft:grass_block":183,"minecraft:redstone_ore":4,"minecraft:raw_iron_block":1,"minecraft:furnace":20,"biomesoplenty:orange_cosmos":1,"minecraft:iron_ore":16,"minecraft:andesite":7,"minecraft:deepslate_lapis_ore":4,"minecraft:dirt_path":1,"minecraft:deepslate_iron_ore":97,"minecraft:oak_stairs":13,"minecraft:bamboo":5,"minecraft:stone":184,"minecraft:deepslate_redstone_ore":2,"minecraft:oak_slab":5,"minecraft:red_bed":3,"minecraft:medium_amethyst_bud":1,"minecraft:amethyst_cluster":11,"minecraft:powder_snow":2,"minecraft:crafting_table":11,"minecraft:poppy":8,"minecraft:tall_grass":1,"minecraft:cobblestone":9,"minecraft:lapis_ore":8,"minecraft:deepslate_gold_ore":23,"minecraft:oak_planks":63,"minecraft:sugar_cane":6,"minecraft:lilac":25,"minecraft:spruce_log":1,"minecraft:birch_leaves":1,"minecraft:grass":204,"minecraft:oak_log":154,"minecraft:coal_ore":91,"minecraft:dirt":6,"minecraft:cobweb":13,"minecraft:oak_leaves":58,"minecraft:deepslate":230,"minecraft:fern":1},"minecraft:picked_up":{"minecraft:allium":14,"minecraft:wheat":10,"minecraft:crafting_table":11,"minecraft:chicken":5,"minecraft:wooden_pickaxe":1,"minecraft:oak_stairs":13,"minecraft:string":14,"minecraft:red_bed":3,"minecraft:cobbled_deepslate":245,"minecraft:beef":20,"minecraft:poppy":8,"minecraft:light_gray_wool":1,"minecraft:sugar_cane":11,"minecraft:egg":3,"minecraft:furnace":20,"minecraft:raw_iron":136,"minecraft:stick":28,"minecraft:porkchop":42,"minecraft:carrot":19,"minecraft:redstone":25,"minecraft:arrow":20,"minecraft:rotten_flesh":9,"minecraft:mutton":16,"minecraft:white_wool":7,"biomesoplenty:orange_cosmos":1,"minecraft:cobblestone":189,"minecraft:feather":5,"minecraft:lilac":25,"minecraft:andesite":7,"minecraft:leather":13,"minecraft:potato":9,"minecraft:flint":3,"minecraft:tuff":31,"minecraft:oak_log":152,"minecraft:lapis_lazuli":75,"minecraft:dirt":209,"minecraft:bone":14,"minecraft:apple":10,"minecraft:wheat_seeds":64,"minecraft:raw_gold":23,"minecraft:bamboo":51,"minecraft:oak_planks":63,"minecraft:oak_slab":7,"minecraft:cooked_porkchop":1,"minecraft:raw_iron_block":1,"minecraft:gravel":9,"minecraft:amethyst_shard":44,"minecraft:spruce_log":1,"minecraft:leather_helmet":1,"minecraft:diamond":15,"minecraft:granite":16,"minecraft:gray_wool":2,"minecraft:oak_sapling":61,"minecraft:coal":98},"minecraft:crafted":{"minecraft:oak_door":3,"minecraft:oak_planks":264,"minecraft:raw_iron":9,"minecraft:stone_shovel":1,"minecraft:cooked_chicken":5,"minecraft:furnace":4,"mca:bouquet":1,"minecraft:cooked_mutton":14,"vanillaplustools:iron_hammer":1,"minecraft:iron_boots":1,"minecraft:iron_axe":1,"minecraft:stone_pickaxe":1,"minecraft:cooked_beef":20,"minecraft:red_dye":3,"minecraft:oak_slab":6,"minecraft:cooked_porkchop":30,"minecraft:crafting_table":1,"minecraft:wooden_pickaxe":1,"minecraft:iron_helmet":1,"minecraft:iron_sword":1,"minecraft:red_bed":1,"minecraft:red_wool":3,"minecraft:bucket":1,"minecraft:stone_axe":2,"minecraft:air":0,"minecraft:iron_chestplate":1,"minecraft:shield":1,"minecraft:stick":16,"quark:oak_chest":2,"minecraft:iron_ingot":120,"minecraft:iron_pickaxe":12,"minecraft:oak_stairs":12,"minecraft:stone_sword":1,"minecraft:iron_shovel":1,"minecraft:gold_ingot":23,"minecraft:iron_leggings":1},"minecraft:used":{"minecraft:stone_sword":118,"minecraft:iron_shovel":49,"minecraft:stone_shovel":134,"minecraft:shield":47,"minecraft:iron_sword":111,"biomesoplenty:orange_cosmos":1,"minecraft:cooked_chicken":5,"minecraft:iron_chestplate":1,"minecraft:dirt":152,"minecraft:carrot":4,"minecraft:tuff":2,"minecraft:iron_axe":21,"minecraft:oak_stairs":17,"minecraft:iron_helmet":1,"minecraft:furnace":20,"minecraft:oak_sapling":1,"minecraft:cooked_beef":8,"minecraft:cobbled_deepslate":1,"minecraft:iron_leggings":1,"minecraft:wheat_seeds":17,"minecraft:cooked_mutton":11,"minecraft:water_bucket":16,"minecraft:stone_pickaxe":122,"minecraft:oak_planks":245,"minecraft:wooden_pickaxe":29,"minecraft:oak_slab":10,"minecraft:crafting_table":11,"minecraft:red_bed":4,"minecraft:oak_log":28,"minecraft:iron_pickaxe":548,"minecraft:stone_axe":294,"minecraft:cobblestone":62,"vanillaplustools:iron_hammer":12,"minecraft:cooked_porkchop":5,"minecraft:bucket":17,"quark:oak_chest":2},"minecraft:broken":{"minecraft:stone_sword":1,"minecraft:stone_axe":2,"minecraft:iron_pickaxe":2,"minecraft:stone_shovel":1},"minecraft:dropped":{"minecraft:wheat_seeds":42,"minecraft:feather":5,"minecraft:granite":16,"minecraft:leather_helmet":1,"minecraft:dirt":10,"minecraft:gray_wool":1,"gravestone:obituary":1,"minecraft:redstone":8,"minecraft:tuff":5,"minecraft:rotten_flesh":9,"minecraft:light_gray_wool":1,"minecraft:cooked_mutton":1,"minecraft:andesite":7,"minecraft:oak_sapling":57,"minecraft:wooden_pickaxe":2,"minecraft:stone_pickaxe":1,"minecraft:egg":3},"minecraft:killed":{"minecraft:skeleton":9,"minecraft:chicken":5,"minecraft:pig":19,"minecraft:creeper":1,"minecraft:sheep":10,"minecraft:zombie":15,"alexsmobs:gazelle":2,"minecraft:cow":9},"minecraft:killed_by":{"minecraft:enderman":1},"minecraft:custom":{"minecraft:mob_kills":70,"minecraft:interact_with_crafting_table":29,"minecraft:damage_dealt_resisted":121,"minecraft:leave_game":2,"minecraft:time_since_death":72160,"minecraft:sprint_one_cm":507583,"minecraft:walk_one_cm":591284,"minecraft:damage_blocked_by_shield":1315,"minecraft:drop":28,"minecraft:damage_dealt_absorbed":120,"minecraft:play_time":135497,"minecraft:deaths":1,"minecraft:sneak_time":5351,"minecraft:walk_under_water_one_cm":2517,"minecraft:jump":2339,"minecraft:walk_on_water_one_cm":9058,"minecraft:total_world_time":135497,"minecraft:interact_with_furnace":184,"minecraft:sleep_in_bed":4,"minecraft:time_since_rest":18745,"minecraft:damage_taken":1674,"minecraft:damage_dealt":10510,"minecraft:swim_one_cm":25787,"minecraft:fly_one_cm":368566,"minecraft:open_chest":3,"minecraft:crouch_one_cm":10715,"minecraft:fall_one_cm":58971}},"DataVersion":3465}