{"stats":{"minecraft:crafted":{"minecraft:smooth_stone":38,"minecraft:oak_planks":256,"minecraft:raw_iron":27,"minecraft:stone_shovel":10,"minecraft:smooth_stone_slab":60,"minecraft:furnace":1,"minecraft:stone":229,"quark:deepslate_furnace":13,"minecraft:glass_pane":16,"minecraft:stone_stairs":4,"securitycraft:laser_block":1,"minecraft:glass":9,"vanillaplustools:iron_hammer":1,"minecraft:iron_boots":1,"minecraft:iron_axe":1,"securitycraft:universal_block_remover":1,"minecraft:stone_pickaxe":1,"vanillaplustools:stone_shovel":1,"minecraft:redstone_block":1,"quark:spruce_chest":1,"minecraft:wheat":144,"minecraft:crafting_table":4,"minecraft:spruce_planks":12,"minecraft:iron_helmet":1,"minecraft:stone_axe":1,"minecraft:bread":49,"minecraft:air":0,"rechiseled:chisel":1,"minecraft:oak_boat":1,"minecraft:iron_chestplate":1,"minecraft:stick":92,"quark:oak_chest":4,"minecraft:iron_ingot":75,"minecraft:iron_pickaxe":22,"minecraft:iron_leggings":1,"minecraft:white_bed":1,"minecraft:shears":1,"securitycraft:universal_block_reinforcer_lvl1":1},"minecraft:dropped":{"minecraft:wheat_seeds":30,"minecraft:coal":36,"minecraft:dirt":8,"minecraft:iron_pickaxe":2,"minecraft:white_wool":2,"minecraft:bone":3,"securitycraft:reinforced_stone_slab":1,"vanillaplustools:stone_shovel":1,"alexsmobs:gazelle_horn":1,"minecraft:smooth_stone_slab":1,"minecraft:stone_shovel":1,"minecraft:oak_planks":1,"minecraft:stone_stairs":4,"minecraft:andesite":4,"securitycraft:reinforced_smooth_stone":1,"minecraft:spider_eye":1},"minecraft:used":{"rechiseled:oak_planks_bricks":72,"quark:indigo_corundum_cluster":1,"minecraft:iron_chestplate":1,"minecraft:torch":39,"minecraft:dirt":191,"minecraft:mutton":2,"minecraft:tuff":24,"minecraft:glass":2,"quark:deepslate_furnace":13,"quark:spruce_chest":1,"minecraft:iron_axe":59,"rechiseled:stone_smooth_tiles":179,"minecraft:beef":13,"minecraft:furnace":1,"minecraft:cobbled_deepslate":15,"minecraft:cooked_mutton":1,"minecraft:diorite":18,"minecraft:stone_pickaxe":97,"minecraft:deepslate_bricks":4,"minecraft:crafting_table":6,"vanillaplustools:stone_shovel":25,"securitycraft:universal_block_remover":2,"minecraft:white_bed":1,"minecraft:shears":1,"minecraft:bread":34,"minecraft:string":1,"minecraft:iron_pickaxe":428,"minecraft:gravel":1,"minecraft:stone_axe":110,"minecraft:cobblestone":106,"vanillaplustools:iron_hammer":250,"minecraft:porkchop":8,"minecraft:andesite":2,"minecraft:smooth_stone_slab":63,"quark:oak_chest":4,"minecraft:oak_boat":1,"minecraft:smooth_stone":9},"minecraft:broken":{"vanillaplustools:iron_hammer":1,"minecraft:iron_pickaxe":1},"minecraft:killed":{"minecraft:skeleton":3,"minecraft:pig":3,"minecraft:sheep":1,"minecraft:zombie":1,"alexsmobs:gazelle":1,"alexsmobs:maned_wolf":1,"alexsmobs:fly":1,"minecraft:cow":6},"minecraft:picked_up":{"minecraft:crafting_table":2,"minecraft:wheat":3,"rechiseled:oak_planks_bricks":70,"alexsmobs:gazelle_horn":1,"minecraft:string":1,"minecraft:smooth_stone_slab":60,"minecraft:cobbled_deepslate":527,"minecraft:smooth_stone":8,"minecraft:beef":13,"minecraft:furnace":1,"minecraft:raw_iron":40,"minecraft:stick":15,"minecraft:torch":22,"minecraft:porkchop":8,"quark:deepslate_furnace":8,"minecraft:diorite":18,"minecraft:carrot":1,"minecraft:redstone":64,"minecraft:arrow":6,"minecraft:deepslate_bricks":4,"minecraft:hay_block":16,"quark:indigo_corundum_cluster":5,"minecraft:mutton":3,"minecraft:cobblestone":2466,"minecraft:white_wool":5,"minecraft:andesite":10,"rechiseled:stone_smooth_tiles":142,"minecraft:leather":3,"minecraft:potato":3,"minecraft:birch_planks":5,"minecraft:tuff":315,"minecraft:oak_log":64,"minecraft:dirt":241,"minecraft:cooked_mutton":1,"minecraft:glass":14,"minecraft:bone":3,"minecraft:apple":7,"minecraft:wheat_seeds":32,"minecraft:iron_ingot":25,"minecraft:raw_iron_block":3,"minecraft:gravel":1,"minecraft:sand":23,"minecraft:white_bed":1,"minecraft:spruce_log":3,"minecraft:spider_eye":1,"minecraft:diamond":3,"minecraft:granite":7,"securitycraft:reinforced_stone_slab":2,"minecraft:grass":1,"alexsmobs:maggot":1,"minecraft:coal":101,"minecraft:oak_sapling":42,"securitycraft:reinforced_smooth_stone":1},"minecraft:mined":{"minecraft:tuff":10,"minecraft:white_bed":1,"minecraft:deepslate_diamond_ore":2,"biomesoplenty:desert_grass":2,"biomesoplenty:bush":1,"minecraft:grass_block":131,"minecraft:deepslate_bricks":4,"minecraft:hay_block":16,"minecraft:smooth_stone":8,"minecraft:raw_iron_block":3,"minecraft:furnace":1,"minecraft:iron_ore":21,"minecraft:andesite":6,"minecraft:potatoes":3,"minecraft:deepslate_iron_ore":18,"biomesoplenty:barley":2,"minecraft:stone":2129,"rechiseled:stone_smooth_tiles":142,"biomesoplenty:wildflower":2,"minecraft:crafting_table":3,"rechiseled:oak_planks_bricks":70,"minecraft:torch":4,"minecraft:cobblestone":56,"minecraft:tall_grass":1,"minecraft:sculk":2,"minecraft:diorite":18,"minecraft:wall_torch":7,"minecraft:wheat":1,"minecraft:spruce_log":3,"minecraft:birch_leaves":1,"minecraft:smooth_stone_slab":62,"quark:deepslate_furnace":8,"minecraft:grass":30,"minecraft:oak_log":64,"minecraft:coal_ore":46,"minecraft:gravel":1,"minecraft:sand":27,"minecraft:dirt":28,"quark:indigo_corundum_cluster":5,"minecraft:oak_leaves":11,"minecraft:deepslate":108},"minecraft:custom":{"minecraft:mob_kills":17,"minecraft:interact_with_crafting_table":52,"minecraft:leave_game":5,"minecraft:time_since_death":140122,"minecraft:climb_one_cm":206,"minecraft:sprint_one_cm":452016,"minecraft:walk_one_cm":365381,"minecraft:drop":18,"minecraft:play_time":140122,"minecraft:sneak_time":7698,"minecraft:walk_under_water_one_cm":3871,"minecraft:jump":3321,"minecraft:walk_on_water_one_cm":23879,"minecraft:total_world_time":140122,"minecraft:interact_with_furnace":81,"minecraft:interact_with_stonecutter":1,"minecraft:time_since_rest":140122,"minecraft:damage_taken":1277,"minecraft:damage_dealt":2065,"minecraft:swim_one_cm":25782,"minecraft:fly_one_cm":651197,"minecraft:open_chest":61,"minecraft:crouch_one_cm":29865,"minecraft:fall_one_cm":116766}},"DataVersion":3465}