{"stats":{"minecraft:crafted":{"minecraft:crafting_table":2,"minecraft:stick":4,"minecraft:wooden_pickaxe":1,"minecraft:stone_pickaxe":1,"minecraft:wooden_axe":1,"minecraft:stone_sword":1,"minecraft:birch_planks":40},"minecraft:used":{"minecraft:wooden_axe":46,"minecraft:chicken":1,"minecraft:stone_pickaxe":11,"minecraft:birch_sapling":2,"minecraft:wooden_pickaxe":5,"minecraft:cobblestone":2,"minecraft:dirt":1,"minecraft:mutton":4,"minecraft:beef":10,"minecraft:crafting_table":2,"minecraft:porkchop":3,"minecraft:gray_wool":1},"minecraft:broken":{"minecraft:wooden_axe":1},"minecraft:killed":{"minecraft:sheep":3,"minecraft:pig":2,"minecraft:chicken":1,"minecraft:cow":10},"minecraft:picked_up":{"minecraft:birch_log":10,"minecraft:stick":5,"minecraft:raw_iron":1,"minecraft:chicken":1,"minecraft:leather":12,"minecraft:porkchop":5,"minecraft:cherry_log":9,"minecraft:dirt":1,"minecraft:beef":19,"minecraft:cherry_sapling":8,"minecraft:gray_wool":1,"minecraft:sugar_cane":38,"minecraft:birch_sapling":2,"minecraft:mutton":4,"minecraft:white_wool":2,"minecraft:cobblestone":13},"minecraft:mined":{"minecraft:podzol":1,"minecraft:birch_log":10,"minecraft:iron_ore":1,"minecraft:cherry_log":9,"minecraft:grass":2,"biomesoplenty:clover":2,"minecraft:stone":13,"minecraft:sugar_cane":27,"minecraft:fern":1},"minecraft:custom":{"minecraft:time_since_rest":16529,"minecraft:sprint_one_cm":81454,"minecraft:damage_taken":350,"minecraft:walk_one_cm":22948,"minecraft:mob_kills":16,"minecraft:damage_dealt":1507,"minecraft:interact_with_crafting_table":4,"minecraft:swim_one_cm":12476,"minecraft:fly_one_cm":185570,"minecraft:crouch_one_cm":2521,"minecraft:play_time":16529,"minecraft:sneak_time":781,"minecraft:walk_under_water_one_cm":2384,"minecraft:jump":782,"minecraft:leave_game":1,"minecraft:walk_on_water_one_cm":6141,"minecraft:time_since_death":16529,"minecraft:total_world_time":16529,"minecraft:climb_one_cm":284,"minecraft:fall_one_cm":26572}},"DataVersion":3465}