{"stats":{"minecraft:dropped":{"minecraft:stone_shovel":1,"minecraft:oak_planks":1,"minecraft:spider_eye":1},"minecraft:killed":{"minecraft:pig":3,"minecraft:sheep":1,"alexsmobs:maned_wolf":1,"minecraft:cow":6},"minecraft:crafted":{"minecraft:oak_planks":28,"minecraft:raw_iron":27,"minecraft:stone_shovel":10,"minecraft:crafting_table":3,"minecraft:spruce_planks":12,"minecraft:furnace":1,"minecraft:stone_axe":1,"quark:deepslate_furnace":1,"minecraft:bread":49,"minecraft:air":0,"minecraft:oak_boat":1,"minecraft:stick":32,"minecraft:iron_ingot":39,"minecraft:iron_pickaxe":1,"minecraft:stone_pickaxe":1,"minecraft:white_bed":1,"vanillaplustools:stone_shovel":1,"minecraft:shears":1,"minecraft:wheat":144},"minecraft:picked_up":{"minecraft:crafting_table":2,"minecraft:wheat":3,"minecraft:andesite":6,"minecraft:leather":3,"minecraft:potato":3,"minecraft:birch_planks":5,"minecraft:tuff":15,"minecraft:oak_log":7,"minecraft:dirt":139,"minecraft:string":1,"minecraft:cooked_mutton":1,"minecraft:wheat_seeds":15,"minecraft:cobbled_deepslate":45,"minecraft:beef":13,"minecraft:raw_iron":24,"minecraft:raw_iron_block":3,"minecraft:porkchop":8,"minecraft:diorite":18,"minecraft:carrot":1,"minecraft:spruce_log":3,"minecraft:spider_eye":1,"minecraft:diamond":2,"minecraft:hay_block":16,"minecraft:grass":1,"minecraft:oak_sapling":2,"minecraft:mutton":2,"minecraft:coal":8,"minecraft:white_wool":5,"minecraft:cobblestone":35},"minecraft:custom":{"minecraft:interact_with_furnace":11,"minecraft:mob_kills":11,"minecraft:interact_with_crafting_table":11,"minecraft:interact_with_stonecutter":1,"minecraft:leave_game":3,"minecraft:time_since_death":48179,"minecraft:climb_one_cm":206,"minecraft:time_since_rest":48179,"minecraft:sprint_one_cm":146365,"minecraft:damage_taken":483,"minecraft:walk_one_cm":98041,"minecraft:drop":3,"minecraft:damage_dealt":1235,"minecraft:swim_one_cm":17728,"minecraft:fly_one_cm":272886,"minecraft:open_chest":2,"minecraft:crouch_one_cm":5021,"minecraft:play_time":48179,"minecraft:sneak_time":2091,"minecraft:walk_under_water_one_cm":2888,"minecraft:jump":1586,"minecraft:walk_on_water_one_cm":13250,"minecraft:total_world_time":48179,"minecraft:fall_one_cm":55933},"minecraft:used":{"minecraft:cooked_mutton":1,"minecraft:diorite":18,"minecraft:stone_pickaxe":97,"minecraft:dirt":137,"minecraft:mutton":2,"minecraft:crafting_table":5,"vanillaplustools:stone_shovel":22,"minecraft:white_bed":1,"minecraft:tuff":15,"minecraft:shears":1,"quark:deepslate_furnace":1,"minecraft:bread":4,"minecraft:string":1,"minecraft:iron_pickaxe":32,"minecraft:stone_axe":29,"minecraft:cobblestone":9,"minecraft:beef":13,"minecraft:furnace":1,"minecraft:porkchop":8,"minecraft:oak_boat":1,"minecraft:cobbled_deepslate":15},"minecraft:mined":{"minecraft:tuff":1,"minecraft:deepslate_diamond_ore":2,"minecraft:crafting_table":3,"biomesoplenty:bush":1,"minecraft:grass_block":121,"minecraft:tall_grass":1,"minecraft:sculk":2,"minecraft:diorite":18,"minecraft:hay_block":16,"minecraft:raw_iron_block":3,"minecraft:wheat":1,"minecraft:iron_ore":11,"minecraft:spruce_log":3,"minecraft:birch_leaves":1,"minecraft:andesite":6,"minecraft:grass":21,"minecraft:potatoes":3,"minecraft:coal_ore":8,"minecraft:oak_log":7,"minecraft:deepslate_iron_ore":12,"minecraft:dirt":14,"biomesoplenty:barley":2,"minecraft:stone":38,"minecraft:oak_leaves":9,"minecraft:deepslate":28}},"DataVersion":3465}