{"stats":{"minecraft:mined":{"rechiseled:stone_smooth_tiles":32,"minecraft:tuff":10,"minecraft:deepslate_diamond_ore":2,"rechiseled:oak_planks_bricks":4,"minecraft:crafting_table":3,"minecraft:torch":4,"biomesoplenty:bush":1,"minecraft:grass_block":121,"minecraft:cobblestone":1,"minecraft:deepslate_bricks":4,"minecraft:tall_grass":1,"minecraft:sculk":2,"minecraft:diorite":18,"minecraft:wall_torch":5,"minecraft:smooth_stone":4,"minecraft:hay_block":16,"minecraft:raw_iron_block":3,"minecraft:iron_ore":11,"minecraft:wheat":1,"minecraft:spruce_log":3,"minecraft:andesite":6,"minecraft:birch_leaves":1,"minecraft:smooth_stone_slab":3,"minecraft:grass":27,"minecraft:oak_log":64,"minecraft:potatoes":3,"minecraft:coal_ore":12,"minecraft:deepslate_iron_ore":18,"minecraft:gravel":1,"minecraft:sand":27,"minecraft:dirt":15,"biomesoplenty:barley":2,"minecraft:stone":38,"minecraft:oak_leaves":9,"minecraft:deepslate":108},"minecraft:picked_up":{"minecraft:crafting_table":2,"minecraft:wheat":3,"rechiseled:stone_smooth_tiles":32,"minecraft:andesite":10,"minecraft:leather":3,"minecraft:potato":3,"minecraft:birch_planks":5,"rechiseled:oak_planks_bricks":4,"minecraft:tuff":315,"minecraft:oak_log":64,"minecraft:dirt":211,"minecraft:string":1,"minecraft:smooth_stone_slab":3,"minecraft:cooked_mutton":1,"minecraft:bone":3,"minecraft:apple":7,"minecraft:wheat_seeds":31,"minecraft:smooth_stone":4,"minecraft:cobbled_deepslate":527,"minecraft:beef":13,"minecraft:stick":15,"minecraft:raw_iron":30,"minecraft:sand":23,"minecraft:torch":9,"minecraft:raw_iron_block":3,"minecraft:gravel":1,"minecraft:porkchop":8,"minecraft:diorite":18,"minecraft:carrot":1,"minecraft:spruce_log":3,"minecraft:redstone":64,"minecraft:spider_eye":1,"minecraft:arrow":6,"minecraft:diamond":2,"minecraft:deepslate_bricks":4,"minecraft:hay_block":16,"securitycraft:reinforced_stone_slab":1,"minecraft:granite":7,"minecraft:grass":1,"securitycraft:reinforced_smooth_stone":1,"alexsmobs:maggot":1,"minecraft:oak_sapling":42,"minecraft:mutton":2,"minecraft:coal":50,"minecraft:cobblestone":457,"minecraft:white_wool":5},"minecraft:crafted":{"minecraft:smooth_stone":38,"minecraft:oak_planks":256,"minecraft:raw_iron":27,"minecraft:stone_shovel":10,"minecraft:smooth_stone_slab":60,"minecraft:crafting_table":3,"minecraft:spruce_planks":12,"minecraft:iron_helmet":1,"minecraft:furnace":1,"minecraft:stone":229,"minecraft:stone_axe":1,"quark:deepslate_furnace":13,"minecraft:bread":49,"minecraft:air":0,"minecraft:glass_pane":16,"minecraft:stone_stairs":4,"rechiseled:chisel":1,"securitycraft:laser_block":1,"minecraft:glass":9,"minecraft:oak_boat":1,"minecraft:iron_boots":1,"minecraft:iron_chestplate":1,"securitycraft:universal_block_remover":1,"minecraft:stick":32,"minecraft:iron_ingot":39,"minecraft:iron_pickaxe":1,"minecraft:stone_pickaxe":1,"minecraft:iron_leggings":1,"minecraft:white_bed":1,"vanillaplustools:stone_shovel":1,"minecraft:redstone_block":1,"quark:spruce_chest":1,"securitycraft:universal_block_reinforcer_lvl1":1,"minecraft:shears":1,"minecraft:wheat":144},"minecraft:used":{"minecraft:cooked_mutton":1,"minecraft:diorite":18,"rechiseled:oak_planks_bricks":72,"minecraft:stone_pickaxe":97,"minecraft:deepslate_bricks":4,"minecraft:iron_chestplate":1,"minecraft:torch":10,"minecraft:dirt":146,"minecraft:mutton":2,"minecraft:crafting_table":5,"vanillaplustools:stone_shovel":25,"securitycraft:universal_block_remover":2,"minecraft:white_bed":1,"minecraft:tuff":24,"minecraft:shears":1,"quark:deepslate_furnace":13,"quark:spruce_chest":1,"minecraft:string":1,"minecraft:bread":17,"minecraft:iron_pickaxe":178,"minecraft:gravel":1,"rechiseled:stone_smooth_tiles":154,"minecraft:stone_axe":101,"minecraft:cobblestone":10,"minecraft:beef":13,"minecraft:furnace":1,"minecraft:porkchop":8,"minecraft:andesite":2,"minecraft:smooth_stone_slab":63,"minecraft:oak_boat":1,"minecraft:cobbled_deepslate":15,"minecraft:smooth_stone":9},"minecraft:dropped":{"minecraft:wheat_seeds":30,"vanillaplustools:stone_shovel":1,"minecraft:stone_shovel":1,"minecraft:oak_planks":1,"minecraft:stone_stairs":4,"minecraft:andesite":4,"minecraft:spider_eye":1},"minecraft:killed":{"minecraft:pig":3,"minecraft:sheep":1,"minecraft:skeleton":3,"minecraft:zombie":1,"alexsmobs:maned_wolf":1,"alexsmobs:fly":1,"minecraft:cow":6},"minecraft:custom":{"minecraft:interact_with_furnace":69,"minecraft:mob_kills":16,"minecraft:interact_with_crafting_table":43,"minecraft:interact_with_stonecutter":1,"minecraft:leave_game":4,"minecraft:time_since_death":89638,"minecraft:climb_one_cm":206,"minecraft:time_since_rest":89638,"minecraft:sprint_one_cm":281824,"minecraft:damage_taken":833,"minecraft:walk_one_cm":211465,"minecraft:drop":8,"minecraft:damage_dealt":1875,"minecraft:swim_one_cm":25782,"minecraft:fly_one_cm":386506,"minecraft:open_chest":25,"minecraft:play_time":89638,"minecraft:crouch_one_cm":17020,"minecraft:sneak_time":4948,"minecraft:walk_under_water_one_cm":3871,"minecraft:jump":2211,"minecraft:walk_on_water_one_cm":19761,"minecraft:total_world_time":89638,"minecraft:fall_one_cm":72064}},"DataVersion":3465}