{"stats":{"minecraft:crafted":{"minecraft:dark_oak_planks":168,"minecraft:crafting_table":1,"minecraft:stick":8,"minecraft:wooden_axe":1},"minecraft:used":{"minecraft:wooden_axe":46,"minecraft:apple":1,"minecraft:crafting_table":1,"minecraft:white_bed":3},"minecraft:picked_up":{"minecraft:crafting_table":1,"minecraft:stick":2,"minecraft:arrow":1,"minecraft:rotten_flesh":2,"minecraft:apple":1,"minecraft:torch":1,"minecraft:white_bed":3,"minecraft:dark_oak_log":42,"minecraft:mossy_cobblestone":1,"minecraft:cobblestone":2},"minecraft:custom":{"minecraft:time_since_rest":30,"minecraft:crouch_one_cm":437,"minecraft:sprint_one_cm":23938,"minecraft:play_time":17635,"minecraft:damage_taken":120,"minecraft:walk_one_cm":32747,"minecraft:sneak_time":96,"minecraft:jump":303,"minecraft:damage_dealt":10,"minecraft:leave_game":2,"minecraft:time_since_death":17635,"minecraft:sleep_in_bed":4,"minecraft:total_world_time":17635,"minecraft:interact_with_crafting_table":2,"minecraft:fall_one_cm":11889,"minecraft:fly_one_cm":67575},"minecraft:mined":{"minecraft:white_bed":3,"minecraft:dark_oak_log":48,"minecraft:crafting_table":1}},"DataVersion":3465}