{"stats":{"minecraft:mined":{"minecraft:tuff":312,"minecraft:white_bed":5,"minecraft:deepslate_diamond_ore":1,"biomesoplenty:desert_grass":13,"minecraft:granite":160,"minecraft:grass_block":764,"minecraft:oxeye_daisy":4,"minecraft:hay_block":5,"minecraft:redstone_ore":1,"minecraft:raw_iron_block":1,"minecraft:furnace":1,"minecraft:iron_ore":60,"minecraft:cobbled_deepslate":2,"minecraft:andesite":18,"minecraft:deepslate_iron_ore":220,"biomesoplenty:barley":1,"minecraft:stone":2074,"minecraft:deepslate_redstone_ore":14,"biomesoplenty:wildflower":17,"minecraft:dandelion":7,"minecraft:powder_snow":5,"minecraft:oak_fence":2,"minecraft:crafting_table":9,"minecraft:torch":2,"minecraft:poppy":4,"minecraft:copper_ore":2,"minecraft:cobblestone":41,"minecraft:deepslate_coal_ore":8,"minecraft:lapis_ore":7,"minecraft:deepslate_gold_ore":13,"minecraft:oak_planks":19,"minecraft:wall_torch":6,"minecraft:spruce_log":1,"minecraft:birch_leaves":1,"quark:deepslate_furnace":5,"minecraft:grass":123,"minecraft:oak_log":100,"minecraft:coal_ore":103,"minecraft:gravel":5,"minecraft:dirt":727,"minecraft:gold_ore":1,"minecraft:oak_leaves":32,"minecraft:deepslate":439},"minecraft:picked_up":{"minecraft:wooden_axe":2,"minecraft:crafting_table":10,"minecraft:wooden_pickaxe":1,"minecraft:string":1,"minecraft:iron_axe":1,"vanillaplustools:stone_shovel":1,"minecraft:cobbled_deepslate":453,"minecraft:poppy":4,"minecraft:iron_pickaxe":2,"biomesoplenty:wildflower":18,"minecraft:furnace":2,"minecraft:raw_iron":272,"minecraft:stick":8,"minecraft:oak_fence":5,"minecraft:torch":19,"minecraft:porkchop":2,"quark:deepslate_furnace":5,"minecraft:diorite":2,"minecraft:redstone":131,"minecraft:rotten_flesh":6,"minecraft:arrow":4,"minecraft:stone_shovel":2,"minecraft:hay_block":5,"minecraft:mutton":5,"minecraft:cobblestone":2335,"minecraft:white_wool":3,"minecraft:oxeye_daisy":4,"minecraft:andesite":18,"minecraft:tuff":291,"minecraft:oak_log":60,"minecraft:dirt":1354,"minecraft:lapis_lazuli":44,"minecraft:bone":6,"minecraft:apple":1,"minecraft:bow":1,"minecraft:wheat_seeds":52,"minecraft:raw_gold":14,"securitycraft:universal_block_reinforcer_lvl1":1,"minecraft:oak_planks":35,"minecraft:dandelion":7,"minecraft:raw_iron_block":1,"minecraft:gravel":5,"minecraft:white_bed":5,"minecraft:spruce_log":1,"minecraft:diamond":1,"minecraft:granite":155,"minecraft:oak_sapling":3,"minecraft:coal":147},"minecraft:crafted":{"minecraft:oak_planks":240,"minecraft:smooth_stone":7,"minecraft:stone_shovel":24,"vanillaplustools:stone_hammer":2,"minecraft:furnace":2,"minecraft:stone":40,"mca:bouquet":3,"minecraft:cooked_mutton":5,"vanillaplustools:iron_hammer":1,"minecraft:iron_boots":1,"minecraft:iron_axe":1,"minecraft:stone_pickaxe":28,"vanillaplustools:stone_shovel":1,"minecraft:wheat":45,"minecraft:cooked_porkchop":2,"minecraft:crafting_table":2,"minecraft:wooden_pickaxe":1,"minecraft:iron_helmet":1,"minecraft:bucket":1,"minecraft:stone_axe":2,"minecraft:bread":15,"minecraft:air":0,"minecraft:iron_chestplate":1,"minecraft:shield":1,"minecraft:stick":152,"quark:oak_chest":2,"minecraft:iron_ingot":102,"minecraft:iron_pickaxe":11,"minecraft:wooden_axe":1,"minecraft:iron_leggings":1,"minecraft:white_bed":1,"minecraft:torch":112},"minecraft:used":{"minecraft:stone_shovel":1091,"minecraft:shield":4,"vanillaplustools:stone_hammer":198,"minecraft:torch":109,"minecraft:dirt":252,"minecraft:wooden_axe":15,"quark:deepslate_furnace":1,"minecraft:iron_axe":176,"minecraft:furnace":2,"minecraft:cobbled_deepslate":21,"minecraft:cooked_mutton":5,"minecraft:water_bucket":1,"minecraft:stone_pickaxe":1379,"minecraft:oak_planks":2,"minecraft:wooden_pickaxe":6,"minecraft:golden_apple":1,"minecraft:crafting_table":10,"vanillaplustools:stone_shovel":95,"minecraft:white_bed":6,"minecraft:bread":19,"minecraft:iron_pickaxe":598,"minecraft:stone_axe":106,"minecraft:cobblestone":231,"vanillaplustools:iron_hammer":33,"minecraft:cooked_porkchop":2,"minecraft:bucket":2,"minecraft:andesite":1,"quark:oak_chest":2},"minecraft:broken":{"minecraft:stone_pickaxe":10,"vanillaplustools:stone_hammer":1,"minecraft:iron_axe":1,"minecraft:stone_axe":1,"minecraft:iron_pickaxe":2,"minecraft:stone_shovel":7},"minecraft:dropped":{"minecraft:iron_ingot":25,"minecraft:diamond":2,"minecraft:cobblestone":540,"minecraft:coal":38,"minecraft:dirt":202,"minecraft:wooden_axe":3,"minecraft:iron_axe":1,"minecraft:dandelion":6,"minecraft:bone":1,"minecraft:redstone":128,"minecraft:furnace":1,"alexsmobs:animal_dictionary":1,"minecraft:cobbled_deepslate":403,"minecraft:tuff":291,"minecraft:stone_shovel":1,"minecraft:oak_planks":12,"biomesoplenty:wildflower":2,"minecraft:wooden_pickaxe":2},"minecraft:killed":{"minecraft:spider":1,"minecraft:skeleton":5,"minecraft:pig":2,"minecraft:zombie":7,"alexsmobs:crow":1},"minecraft:custom":{"minecraft:mob_kills":16,"minecraft:interact_with_crafting_table":96,"minecraft:leave_game":5,"minecraft:time_since_death":246796,"minecraft:climb_one_cm":222,"minecraft:sprint_one_cm":188838,"minecraft:walk_one_cm":874812,"minecraft:damage_blocked_by_shield":170,"minecraft:drop":49,"minecraft:play_time":246796,"minecraft:sneak_time":11007,"minecraft:walk_under_water_one_cm":3528,"minecraft:jump":3540,"minecraft:walk_on_water_one_cm":13087,"minecraft:total_world_time":246796,"minecraft:interact_with_furnace":70,"minecraft:sleep_in_bed":6,"minecraft:time_since_rest":10614,"minecraft:damage_taken":803,"minecraft:damage_dealt":2583,"minecraft:swim_one_cm":6864,"minecraft:fly_one_cm":333018,"minecraft:open_chest":26,"minecraft:crouch_one_cm":52965,"minecraft:fall_one_cm":44660}},"DataVersion":3465}