{"stats":{"minecraft:crafted":{"minecraft:crafting_table":2,"minecraft:stick":28,"minecraft:birch_boat":1,"minecraft:wooden_pickaxe":1,"minecraft:stone_pickaxe":1,"minecraft:wooden_axe":1,"minecraft:torch":52,"minecraft:birch_planks":164,"minecraft:stone_axe":2},"minecraft:used":{"minecraft:wooden_axe":1,"minecraft:birch_planks":3,"minecraft:chicken":1,"minecraft:stone_pickaxe":43,"minecraft:birch_boat":1,"minecraft:wooden_pickaxe":4,"minecraft:stone_axe":55,"minecraft:torch":8,"minecraft:crafting_table":4,"alexsmobs:animal_dictionary":1},"minecraft:killed":{"minecraft:chicken":1},"minecraft:picked_up":{"minecraft:birch_log":41,"minecraft:stick":7,"minecraft:crafting_table":3,"minecraft:feather":1,"minecraft:chicken":1,"minecraft:jungle_log":1,"minecraft:torch":3,"minecraft:dirt":1,"minecraft:sugar_cane":1,"minecraft:birch_sapling":5,"minecraft:coal":27,"minecraft:cobblestone":20,"minecraft:egg":1},"minecraft:mined":{"minecraft:birch_log":43,"minecraft:crafting_table":3,"minecraft:torch":2,"minecraft:coal_ore":27,"minecraft:jungle_log":1,"minecraft:dirt":2,"minecraft:stone":20,"minecraft:oak_leaves":1,"minecraft:wall_torch":1},"minecraft:custom":{"minecraft:time_since_rest":15524,"minecraft:sprint_one_cm":11767,"minecraft:damage_taken":70,"minecraft:walk_one_cm":80157,"minecraft:mob_kills":1,"minecraft:damage_dealt":50,"minecraft:interact_with_crafting_table":6,"minecraft:swim_one_cm":7484,"minecraft:fly_one_cm":52179,"minecraft:crouch_one_cm":2445,"minecraft:play_time":15524,"minecraft:sneak_time":460,"minecraft:walk_under_water_one_cm":4332,"minecraft:jump":592,"minecraft:walk_on_water_one_cm":6286,"minecraft:time_since_death":15524,"minecraft:total_world_time":15524,"minecraft:climb_one_cm":238,"minecraft:fall_one_cm":15592}},"DataVersion":3465}