{"stats":{"minecraft:killed":{"minecraft:pig":2,"minecraft:spider":1,"minecraft:skeleton":5,"minecraft:zombie":7},"minecraft:dropped":{"minecraft:furnace":1,"minecraft:cobbled_deepslate":1,"alexsmobs:animal_dictionary":1,"minecraft:stone_shovel":1,"minecraft:cobblestone":7,"minecraft:oak_planks":6,"minecraft:wooden_axe":3,"minecraft:iron_axe":1,"minecraft:wooden_pickaxe":2},"minecraft:crafted":{"minecraft:oak_planks":228,"minecraft:stone_shovel":24,"vanillaplustools:stone_hammer":2,"minecraft:cooked_porkchop":2,"minecraft:crafting_table":2,"minecraft:wooden_pickaxe":1,"minecraft:iron_helmet":1,"minecraft:furnace":2,"minecraft:stone_axe":1,"minecraft:bread":15,"minecraft:cooked_mutton":5,"minecraft:air":0,"minecraft:iron_boots":1,"minecraft:iron_chestplate":1,"minecraft:shield":1,"minecraft:iron_axe":1,"minecraft:stick":120,"minecraft:iron_ingot":40,"minecraft:iron_pickaxe":1,"minecraft:stone_pickaxe":22,"minecraft:wooden_axe":1,"minecraft:iron_leggings":1,"minecraft:white_bed":1,"vanillaplustools:stone_shovel":1,"minecraft:torch":72,"minecraft:wheat":45},"minecraft:broken":{"minecraft:stone_pickaxe":3,"vanillaplustools:stone_hammer":1,"minecraft:iron_axe":1,"minecraft:stone_shovel":1},"minecraft:picked_up":{"minecraft:wooden_axe":2,"minecraft:crafting_table":10,"minecraft:andesite":18,"minecraft:wooden_pickaxe":1,"minecraft:tuff":291,"minecraft:oak_log":57,"minecraft:dirt":469,"minecraft:lapis_lazuli":44,"minecraft:string":1,"minecraft:iron_axe":1,"minecraft:bone":6,"minecraft:apple":1,"minecraft:bow":1,"minecraft:wheat_seeds":22,"minecraft:cobbled_deepslate":453,"minecraft:raw_gold":14,"minecraft:oak_planks":29,"minecraft:furnace":2,"minecraft:stick":8,"minecraft:raw_iron":268,"minecraft:oak_fence":5,"minecraft:torch":14,"minecraft:gravel":3,"minecraft:raw_iron_block":1,"minecraft:porkchop":2,"quark:deepslate_furnace":1,"minecraft:diorite":2,"minecraft:white_bed":3,"minecraft:spruce_log":1,"minecraft:redstone":67,"minecraft:stone_shovel":2,"minecraft:arrow":4,"minecraft:rotten_flesh":6,"minecraft:diamond":1,"minecraft:hay_block":5,"minecraft:granite":155,"minecraft:oak_sapling":3,"minecraft:mutton":5,"minecraft:coal":88,"minecraft:white_wool":3,"minecraft:cobblestone":430},"minecraft:custom":{"minecraft:interact_with_furnace":28,"minecraft:mob_kills":15,"minecraft:interact_with_crafting_table":61,"minecraft:leave_game":2,"minecraft:time_since_death":122820,"minecraft:sleep_in_bed":2,"minecraft:climb_one_cm":222,"minecraft:time_since_rest":26257,"minecraft:sprint_one_cm":74191,"minecraft:damage_taken":683,"minecraft:walk_one_cm":406844,"minecraft:damage_blocked_by_shield":170,"minecraft:drop":12,"minecraft:damage_dealt":2503,"minecraft:swim_one_cm":6864,"minecraft:fly_one_cm":106464,"minecraft:open_chest":1,"minecraft:crouch_one_cm":48987,"minecraft:play_time":122820,"minecraft:sneak_time":10221,"minecraft:walk_under_water_one_cm":3419,"minecraft:jump":1856,"minecraft:walk_on_water_one_cm":11768,"minecraft:total_world_time":122820,"minecraft:fall_one_cm":20949},"minecraft:used":{"minecraft:cooked_mutton":5,"minecraft:stone_shovel":190,"minecraft:oak_planks":2,"minecraft:stone_pickaxe":584,"minecraft:wooden_pickaxe":6,"minecraft:shield":4,"vanillaplustools:stone_hammer":177,"minecraft:torch":103,"minecraft:golden_apple":1,"minecraft:dirt":10,"minecraft:crafting_table":10,"vanillaplustools:stone_shovel":75,"minecraft:white_bed":4,"minecraft:wooden_axe":15,"minecraft:bread":5,"minecraft:iron_axe":176,"minecraft:iron_pickaxe":78,"minecraft:stone_axe":67,"minecraft:cobblestone":102,"minecraft:furnace":2,"minecraft:cooked_porkchop":2,"minecraft:andesite":1,"minecraft:cobbled_deepslate":21},"minecraft:mined":{"minecraft:deepslate_redstone_ore":14,"minecraft:tuff":312,"minecraft:white_bed":3,"minecraft:deepslate_diamond_ore":1,"biomesoplenty:desert_grass":4,"minecraft:powder_snow":5,"minecraft:oak_fence":2,"minecraft:crafting_table":9,"minecraft:torch":1,"minecraft:granite":153,"minecraft:grass_block":325,"minecraft:cobblestone":29,"minecraft:deepslate_coal_ore":8,"minecraft:lapis_ore":7,"minecraft:deepslate_gold_ore":13,"minecraft:oak_planks":19,"minecraft:wall_torch":6,"minecraft:hay_block":5,"minecraft:raw_iron_block":1,"minecraft:redstone_ore":1,"minecraft:furnace":1,"minecraft:iron_ore":56,"minecraft:cobbled_deepslate":2,"minecraft:spruce_log":1,"minecraft:andesite":18,"minecraft:birch_leaves":1,"quark:deepslate_furnace":1,"minecraft:grass":88,"minecraft:oak_log":71,"minecraft:coal_ore":80,"minecraft:deepslate_iron_ore":220,"minecraft:gravel":3,"minecraft:dirt":234,"biomesoplenty:barley":1,"minecraft:stone":490,"minecraft:gold_ore":1,"minecraft:oak_leaves":12,"minecraft:deepslate":439}},"DataVersion":3465}