{
  "mca:recipes/building_blocks/headstones": {
    "criteria": {
      "has_the_upright_recipe": "2024-05-31 01:14:34 +0000"
    },
    "done": true
  },
  "minecraft:adventure/adventuring_time": {
    "criteria": {
      "minecraft:bamboo_jungle": "2024-05-31 01:14:59 +0000",
      "minecraft:beach": "2024-05-31 01:15:54 +0000",
      "minecraft:sparse_jungle": "2024-05-31 01:14:35 +0000",
      "minecraft:river": "2024-05-31 01:16:09 +0000",
      "minecraft:jungle": "2024-05-31 01:16:17 +0000"
    },
    "done": false
  },
  "DataVersion": 3465
}