{
  "mca:recipes/building_blocks/headstones": {
    "criteria": {
      "has_the_slanted_recipe": "2024-06-06 03:18:25 +0000"
    },
    "done": true
  },
  "biomesoplenty:biomesoplenty/all_biomes": {
    "criteria": {
      "woodland": "2024-06-06 03:43:22 +0000",
      "shrubland": "2024-06-06 04:35:04 +0000",
      "rocky_shrubland": "2024-06-06 04:44:08 +0000",
      "scrubland": "2024-06-06 03:50:41 +0000",
      "bayou": "2024-06-06 03:50:58 +0000",
      "floodplain": "2024-06-06 03:51:35 +0000",
      "lush_savanna": "2024-06-06 03:56:56 +0000",
      "highland": "2024-06-06 04:38:46 +0000",
      "marsh": "2024-06-06 04:43:31 +0000",
      "clover_patch": "2024-06-06 03:18:26 +0000",
      "mystic_grove": "2024-06-06 04:38:32 +0000",
      "orchard": "2024-06-06 03:21:52 +0000",
      "lavender_forest": "2024-06-06 04:35:18 +0000",
      "dryland": "2024-06-06 04:08:37 +0000",
      "wasteland": "2024-06-06 04:01:19 +0000",
      "lush_desert": "2024-06-06 03:52:27 +0000",
      "redwood_forest": "2024-06-06 04:49:59 +0000",
      "dune_beach": "2024-06-06 04:34:06 +0000",
      "pasture": "2024-06-06 04:34:35 +0000",
      "volcanic_plains": "2024-06-06 03:42:15 +0000",
      "grassland": "2024-06-06 04:55:00 +0000",
      "crag": "2024-06-06 03:55:27 +0000"
    },
    "done": false
  },
  "mca:root": {
    "criteria": {
      "village_plains": "2024-06-06 03:18:26 +0000"
    },
    "done": true
  },
  "biomesoplenty:biomesoplenty/root": {
    "criteria": {
      "clover_patch": "2024-06-06 03:18:26 +0000"
    },
    "done": true
  },
  "minecraft:husbandry/bred_all_animals": {
    "criteria": {
      "minecraft:cow": "2024-06-06 03:23:34 +0000"
    },
    "done": false
  },
  "minecraft:husbandry/breed_an_animal": {
    "criteria": {
      "bred": "2024-06-06 03:23:34 +0000"
    },
    "done": true
  },
  "minecraft:adventure/adventuring_time": {
    "criteria": {
      "minecraft:birch_forest": "2024-06-06 04:56:17 +0000",
      "minecraft:wooded_badlands": "2024-06-06 04:02:34 +0000",
      "minecraft:badlands": "2024-06-06 04:05:05 +0000",
      "minecraft:beach": "2024-06-06 03:25:10 +0000",
      "minecraft:mangrove_swamp": "2024-06-06 03:53:34 +0000",
      "minecraft:lukewarm_ocean": "2024-06-06 03:41:03 +0000",
      "minecraft:river": "2024-06-06 03:39:37 +0000",
      "minecraft:forest": "2024-06-06 03:44:38 +0000",
      "minecraft:desert": "2024-06-06 03:53:46 +0000",
      "minecraft:ocean": "2024-06-06 03:40:53 +0000",
      "minecraft:windswept_savanna": "2024-06-06 03:55:26 +0000",
      "minecraft:warm_ocean": "2024-06-06 03:54:53 +0000",
      "minecraft:deep_lukewarm_ocean": "2024-06-06 03:41:45 +0000",
      "minecraft:old_growth_birch_forest": "2024-06-06 03:37:34 +0000",
      "minecraft:savanna": "2024-06-06 03:44:47 +0000"
    },
    "done": false
  },
  "minecraft:adventure/sleep_in_bed": {
    "criteria": {
      "slept_in_bed": "2024-06-06 03:26:49 +0000"
    },
    "done": true
  },
  "mca:recipes/misc/family_tree": {
    "criteria": {
      "has_item": "2024-06-06 03:28:34 +0000"
    },
    "done": true
  },
  "minecraft:husbandry/balanced_diet": {
    "criteria": {
      "apple": "2024-06-06 03:45:15 +0000",
      "bread": "2024-06-06 03:34:01 +0000"
    },
    "done": false
  },
  "minecraft:husbandry/root": {
    "criteria": {
      "consumed_item": "2024-06-06 03:34:01 +0000"
    },
    "done": true
  },
  "minecraft:story/root": {
    "criteria": {
      "crafting_table": "2024-06-06 03:37:57 +0000"
    },
    "done": true
  },
  "quark:get_all_blossom_saplings": {
    "criteria": {
      "orange": "2024-06-06 03:46:18 +0000"
    },
    "done": false
  },
  "mca:recipes/misc/needle_and_thread": {
    "criteria": {
      "has_item": "2024-06-06 04:53:05 +0000"
    },
    "done": true
  },
  "alexsmobs:alexsmobs/kangaroo": {
    "criteria": {
      "killed_by": "2024-06-06 04:10:34 +0000"
    },
    "done": true
  },
  "minecraft:story/obtain_armor": {
    "criteria": {
      "iron_boots": "2024-06-06 04:52:08 +0000"
    },
    "done": true
  },
  "minecraft:story/mine_stone": {
    "criteria": {
      "get_stone": "2024-06-06 03:45:47 +0000"
    },
    "done": true
  },
  "minecraft:adventure/root": {
    "criteria": {
      "killed_by_something": "2024-06-06 04:03:15 +0000"
    },
    "done": true
  },
  "minecraft:adventure/kill_all_mobs": {
    "criteria": {
      "minecraft:skeleton": "2024-06-06 04:38:12 +0000",
      "minecraft:spider": "2024-06-06 04:37:47 +0000",
      "minecraft:creeper": "2024-06-06 04:44:00 +0000",
      "minecraft:zombie": "2024-06-06 04:38:01 +0000"
    },
    "done": false
  },
  "minecraft:story/upgrade_tools": {
    "criteria": {
      "stone_pickaxe": "2024-06-06 03:46:11 +0000"
    },
    "done": true
  },
  "mca:recipes/misc/bouquet": {
    "criteria": {
      "has_item": "2024-06-06 03:56:58 +0000"
    },
    "done": true
  },
  "minecraft:story/iron_tools": {
    "criteria": {
      "iron_pickaxe": "2024-06-06 04:05:47 +0000"
    },
    "done": true
  },
  "minecraft:adventure/kill_a_mob": {
    "criteria": {
      "minecraft:spider": "2024-06-06 04:37:47 +0000"
    },
    "done": true
  },
  "DataVersion": 3465
}