{
  "mca:recipes/building_blocks/headstones": {
    "criteria": {
      "has_the_slanted_recipe": "2024-06-12 22:24:04 +0000"
    },
    "done": true
  },
  "minecraft:adventure/adventuring_time": {
    "criteria": {
      "minecraft:river": "2024-06-12 22:35:30 +0000",
      "minecraft:stony_shore": "2024-06-12 22:25:55 +0000",
      "minecraft:grove": "2024-06-12 22:31:16 +0000",
      "minecraft:forest": "2024-06-12 22:24:05 +0000",
      "minecraft:desert": "2024-06-13 02:58:53 +0000",
      "minecraft:ocean": "2024-06-12 23:44:23 +0000",
      "minecraft:deep_dark": "2024-06-12 23:01:34 +0000",
      "minecraft:savanna": "2024-06-13 03:09:56 +0000",
      "minecraft:plains": "2024-06-12 22:43:20 +0000"
    },
    "done": false
  },
  "minecraft:adventure/root": {
    "criteria": {
      "killed_something": "2024-06-12 22:25:49 +0000"
    },
    "done": true
  },
  "minecraft:story/root": {
    "criteria": {
      "crafting_table": "2024-06-12 22:27:00 +0000"
    },
    "done": true
  },
  "minecraft:story/mine_stone": {
    "criteria": {
      "get_stone": "2024-06-12 22:27:16 +0000"
    },
    "done": true
  },
  "minecraft:story/upgrade_tools": {
    "criteria": {
      "stone_pickaxe": "2024-06-12 22:27:40 +0000"
    },
    "done": true
  },
  "mca:recipes/misc/family_tree": {
    "criteria": {
      "has_item": "2024-06-12 22:28:28 +0000"
    },
    "done": true
  },
  "minecraft:adventure/kill_all_mobs": {
    "criteria": {
      "minecraft:skeleton": "2024-06-12 22:30:51 +0000",
      "minecraft:spider": "2024-06-12 22:52:40 +0000",
      "minecraft:cave_spider": "2024-06-12 23:09:38 +0000",
      "minecraft:zombie": "2024-06-12 22:29:34 +0000"
    },
    "done": false
  },
  "minecraft:adventure/kill_a_mob": {
    "criteria": {
      "minecraft:zombie": "2024-06-12 22:29:34 +0000"
    },
    "done": true
  },
  "minecraft:husbandry/balanced_diet": {
    "criteria": {
      "cooked_porkchop": "2024-06-12 22:36:35 +0000",
      "chicken": "2024-06-12 23:50:03 +0000",
      "cooked_mutton": "2024-06-12 22:56:37 +0000",
      "cooked_beef": "2024-06-12 22:33:23 +0000",
      "rotten_flesh": "2024-06-12 23:46:13 +0000",
      "cooked_chicken": "2024-06-12 22:30:29 +0000"
    },
    "done": false
  },
  "minecraft:husbandry/root": {
    "criteria": {
      "consumed_item": "2024-06-12 22:30:29 +0000"
    },
    "done": true
  },
  "mca:recipes/misc/comb": {
    "criteria": {
      "has_item": "2024-06-12 22:40:43 +0000"
    },
    "done": true
  },
  "mca:recipes/misc/needle_and_thread": {
    "criteria": {
      "has_item": "2024-06-12 22:40:43 +0000"
    },
    "done": true
  },
  "mca:recipes/misc/whistle": {
    "criteria": {
      "has_item": "2024-06-12 22:40:43 +0000"
    },
    "done": true
  },
  "minecraft:story/smelt_iron": {
    "criteria": {
      "iron": "2024-06-12 22:40:43 +0000"
    },
    "done": true
  },
  "minecraft:story/iron_tools": {
    "criteria": {
      "iron_pickaxe": "2024-06-12 22:41:47 +0000"
    },
    "done": true
  },
  "mca:recipes/misc/rose_gold_dust": {
    "criteria": {
      "has_item": "2024-06-12 22:48:25 +0000"
    },
    "done": true
  },
  "minecraft:story/obtain_armor": {
    "criteria": {
      "iron_helmet": "2024-06-12 22:51:29 +0000"
    },
    "done": true
  },
  "minecraft:story/mine_diamond": {
    "criteria": {
      "diamond": "2024-06-12 23:07:44 +0000"
    },
    "done": true
  },
  "minecraft:adventure/avoid_vibration": {
    "criteria": {
      "avoid_vibration": "2024-06-12 23:15:59 +0000"
    },
    "done": true
  },
  "minecraft:story/deflect_arrow": {
    "criteria": {
      "deflected_projectile": "2024-06-12 23:24:19 +0000"
    },
    "done": true
  },
  "quark:get_forgotten_hat": {
    "criteria": {
      "get_forgotten_hat": "2024-06-12 23:26:31 +0000"
    },
    "done": true
  },
  "minecraft:husbandry/tame_an_animal": {
    "criteria": {
      "tamed_animal": "2024-06-12 23:49:23 +0000"
    },
    "done": true
  },
  "minecraft:adventure/sleep_in_bed": {
    "criteria": {
      "slept_in_bed": "2024-06-12 23:52:10 +0000"
    },
    "done": true
  },
  "quark:crawl_in_hollow_log": {
    "criteria": {
      "crawl_in_hollow_log": "2024-06-13 00:00:18 +0000"
    },
    "done": true
  },
  "biomesoplenty:biomesoplenty/all_biomes": {
    "criteria": {
      "woodland": "2024-06-13 02:32:26 +0000",
      "shrubland": "2024-06-13 00:01:21 +0000",
      "rocky_shrubland": "2024-06-13 02:31:03 +0000",
      "scrubland": "2024-06-13 00:02:43 +0000",
      "clover_patch": "2024-06-13 03:18:00 +0000",
      "old_growth_woodland": "2024-06-13 02:32:30 +0000",
      "moor": "2024-06-13 02:31:43 +0000",
      "mediterranean_forest": "2024-06-13 02:54:49 +0000",
      "wasteland": "2024-06-13 02:58:40 +0000",
      "lush_desert": "2024-06-13 03:05:13 +0000",
      "rocky_rainforest": "2024-06-13 02:32:02 +0000",
      "rainforest": "2024-06-13 03:17:42 +0000"
    },
    "done": false
  },
  "mca:root": {
    "criteria": {
      "village_plains": "2024-06-13 00:01:21 +0000"
    },
    "done": true
  },
  "biomesoplenty:biomesoplenty/root": {
    "criteria": {
      "shrubland": "2024-06-13 00:01:21 +0000"
    },
    "done": true
  },
  "mca:recipes/misc/bouquet": {
    "criteria": {
      "has_item": "2024-06-13 00:01:35 +0000"
    },
    "done": true
  },
  "minecraft:husbandry/bred_all_animals": {
    "criteria": {
      "minecraft:chicken": "2024-06-13 02:34:56 +0000"
    },
    "done": false
  },
  "minecraft:husbandry/breed_an_animal": {
    "criteria": {
      "bred": "2024-06-13 02:34:56 +0000"
    },
    "done": true
  },
  "quark:get_all_blossom_saplings": {
    "criteria": {
      "orange": "2024-06-13 02:57:09 +0000"
    },
    "done": false
  },
  "DataVersion": 3465
}