{
  "mca:recipes/building_blocks/headstones": {
    "criteria": {
      "has_the_slanted_recipe": "2024-06-06 03:27:19 +0000"
    },
    "done": true
  },
  "biomesoplenty:biomesoplenty/all_biomes": {
    "criteria": {
      "shrubland": "2024-06-06 04:35:08 +0000",
      "rocky_shrubland": "2024-06-06 04:44:07 +0000",
      "highland": "2024-06-06 04:39:17 +0000",
      "marsh": "2024-06-06 04:42:37 +0000",
      "clover_patch": "2024-06-06 03:27:20 +0000",
      "mystic_grove": "2024-06-06 04:37:47 +0000",
      "orchard": "2024-06-06 03:34:01 +0000",
      "lavender_forest": "2024-06-06 04:35:16 +0000",
      "dryland": "2024-06-06 04:09:16 +0000",
      "wasteland": "2024-06-06 04:01:33 +0000",
      "lush_desert": "2024-06-06 04:09:27 +0000",
      "redwood_forest": "2024-06-06 04:49:13 +0000",
      "dune_beach": "2024-06-06 04:34:06 +0000",
      "pasture": "2024-06-06 04:34:59 +0000",
      "grassland": "2024-06-06 05:02:44 +0000"
    },
    "done": false
  },
  "mca:root": {
    "criteria": {
      "village_plains": "2024-06-06 03:27:20 +0000"
    },
    "done": true
  },
  "biomesoplenty:biomesoplenty/root": {
    "criteria": {
      "clover_patch": "2024-06-06 03:27:20 +0000"
    },
    "done": true
  },
  "minecraft:adventure/adventuring_time": {
    "criteria": {
      "minecraft:taiga": "2024-06-06 03:28:33 +0000",
      "minecraft:birch_forest": "2024-06-06 05:00:43 +0000",
      "minecraft:wooded_badlands": "2024-06-06 04:02:16 +0000",
      "minecraft:badlands": "2024-06-06 04:02:01 +0000",
      "minecraft:lukewarm_ocean": "2024-06-06 04:31:41 +0000",
      "minecraft:river": "2024-06-06 04:01:42 +0000",
      "minecraft:desert": "2024-06-06 04:07:32 +0000",
      "minecraft:warm_ocean": "2024-06-06 04:07:35 +0000",
      "minecraft:deep_lukewarm_ocean": "2024-06-06 04:31:58 +0000",
      "minecraft:old_growth_birch_forest": "2024-06-06 03:42:16 +0000"
    },
    "done": false
  },
  "minecraft:husbandry/root": {
    "criteria": {
      "consumed_item": "2024-06-06 03:29:00 +0000"
    },
    "done": true
  },
  "alexsmobs:alexsmobs/root": {
    "criteria": {
      "useitem": "2024-06-06 03:29:00 +0000"
    },
    "done": true
  },
  "minecraft:adventure/root": {
    "criteria": {
      "killed_something": "2024-06-06 03:40:50 +0000"
    },
    "done": true
  },
  "minecraft:adventure/kill_all_mobs": {
    "criteria": {
      "minecraft:skeleton": "2024-06-06 03:59:45 +0000",
      "minecraft:spider": "2024-06-06 04:43:49 +0000",
      "minecraft:husk": "2024-06-06 04:18:54 +0000",
      "minecraft:zombie": "2024-06-06 03:40:50 +0000",
      "minecraft:drowned": "2024-06-06 04:23:36 +0000"
    },
    "done": false
  },
  "minecraft:adventure/kill_a_mob": {
    "criteria": {
      "minecraft:zombie": "2024-06-06 03:40:50 +0000"
    },
    "done": true
  },
  "minecraft:husbandry/balanced_diet": {
    "criteria": {
      "cooked_mutton": "2024-06-06 04:45:34 +0000",
      "cooked_beef": "2024-06-06 04:43:27 +0000",
      "apple": "2024-06-06 03:41:02 +0000",
      "bread": "2024-06-06 04:05:44 +0000",
      "cooked_salmon": "2024-06-06 03:56:12 +0000"
    },
    "done": false
  },
  "minecraft:adventure/sleep_in_bed": {
    "criteria": {
      "slept_in_bed": "2024-06-06 03:43:46 +0000"
    },
    "done": true
  },
  "minecraft:story/root": {
    "criteria": {
      "crafting_table": "2024-06-06 03:45:02 +0000"
    },
    "done": true
  },
  "mca:recipes/misc/bouquet": {
    "criteria": {
      "has_item": "2024-06-06 03:51:24 +0000"
    },
    "done": true
  },
  "mca:recipes/misc/needle_and_thread": {
    "criteria": {
      "has_item": "2024-06-06 04:05:28 +0000"
    },
    "done": true
  },
  "minecraft:story/obtain_armor": {
    "criteria": {
      "iron_chestplate": "2024-06-06 04:48:42 +0000"
    },
    "done": true
  },
  "minecraft:story/mine_stone": {
    "criteria": {
      "get_stone": "2024-06-06 03:59:48 +0000"
    },
    "done": true
  },
  "mca:recipes/misc/family_tree": {
    "criteria": {
      "has_item": "2024-06-06 03:58:58 +0000"
    },
    "done": true
  },
  "minecraft:story/upgrade_tools": {
    "criteria": {
      "stone_pickaxe": "2024-06-06 04:16:20 +0000"
    },
    "done": true
  },
  "mca:recipes/misc/comb": {
    "criteria": {
      "has_item": "2024-06-06 04:05:28 +0000"
    },
    "done": true
  },
  "minecraft:story/iron_tools": {
    "criteria": {
      "iron_pickaxe": "2024-06-06 04:20:37 +0000"
    },
    "done": true
  },
  "mca:recipes/misc/whistle": {
    "criteria": {
      "has_item": "2024-06-06 04:05:28 +0000"
    },
    "done": true
  },
  "minecraft:story/smelt_iron": {
    "criteria": {
      "iron": "2024-06-06 04:05:28 +0000"
    },
    "done": true
  },
  "DataVersion": 3465
}