{
  "mca:recipes/building_blocks/headstones": {
    "criteria": {
      "has_the_slanted_recipe": "2024-06-12 22:24:04 +0000"
    },
    "done": true
  },
  "minecraft:adventure/adventuring_time": {
    "criteria": {
      "minecraft:snowy_slopes": "2024-06-13 03:56:30 +0000",
      "minecraft:old_growth_pine_taiga": "2024-06-13 04:12:44 +0000",
      "minecraft:taiga": "2024-06-13 04:11:41 +0000",
      "minecraft:cherry_grove": "2024-06-13 04:19:02 +0000",
      "minecraft:sunflower_plains": "2024-06-13 03:57:34 +0000",
      "minecraft:birch_forest": "2024-06-13 03:43:11 +0000",
      "minecraft:beach": "2024-06-13 04:11:30 +0000",
      "minecraft:dark_forest": "2024-06-13 03:41:54 +0000",
      "minecraft:river": "2024-06-12 22:35:30 +0000",
      "minecraft:stony_shore": "2024-06-12 22:25:55 +0000",
      "minecraft:grove": "2024-06-12 22:31:16 +0000",
      "minecraft:cold_ocean": "2024-06-13 04:09:52 +0000",
      "minecraft:forest": "2024-06-12 22:24:05 +0000",
      "minecraft:desert": "2024-06-13 02:58:53 +0000",
      "minecraft:ocean": "2024-06-12 23:44:23 +0000",
      "minecraft:old_growth_spruce_taiga": "2024-06-13 04:11:58 +0000",
      "minecraft:frozen_peaks": "2024-06-13 03:56:09 +0000",
      "minecraft:deep_dark": "2024-06-12 23:01:34 +0000",
      "minecraft:meadow": "2024-06-13 03:42:19 +0000",
      "minecraft:savanna": "2024-06-13 03:09:56 +0000",
      "minecraft:plains": "2024-06-12 22:43:20 +0000"
    },
    "done": false
  },
  "minecraft:adventure/root": {
    "criteria": {
      "killed_something": "2024-06-12 22:25:49 +0000"
    },
    "done": true
  },
  "minecraft:story/root": {
    "criteria": {
      "crafting_table": "2024-06-12 22:27:00 +0000"
    },
    "done": true
  },
  "minecraft:story/mine_stone": {
    "criteria": {
      "get_stone": "2024-06-12 22:27:16 +0000"
    },
    "done": true
  },
  "minecraft:story/upgrade_tools": {
    "criteria": {
      "stone_pickaxe": "2024-06-12 22:27:40 +0000"
    },
    "done": true
  },
  "mca:recipes/misc/family_tree": {
    "criteria": {
      "has_item": "2024-06-12 22:28:28 +0000"
    },
    "done": true
  },
  "minecraft:adventure/kill_all_mobs": {
    "criteria": {
      "minecraft:skeleton": "2024-06-12 22:30:51 +0000",
      "minecraft:spider": "2024-06-12 22:52:40 +0000",
      "minecraft:creeper": "2024-06-13 19:23:57 +0000",
      "minecraft:witch": "2024-06-13 03:45:25 +0000",
      "minecraft:cave_spider": "2024-06-12 23:09:38 +0000",
      "minecraft:zombie": "2024-06-12 22:29:34 +0000"
    },
    "done": false
  },
  "minecraft:adventure/kill_a_mob": {
    "criteria": {
      "minecraft:zombie": "2024-06-12 22:29:34 +0000"
    },
    "done": true
  },
  "minecraft:husbandry/balanced_diet": {
    "criteria": {
      "cooked_porkchop": "2024-06-12 22:36:35 +0000",
      "chicken": "2024-06-12 23:50:03 +0000",
      "cooked_mutton": "2024-06-12 22:56:37 +0000",
      "cooked_beef": "2024-06-12 22:33:23 +0000",
      "beef": "2024-06-13 03:28:01 +0000",
      "apple": "2024-06-13 04:30:46 +0000",
      "bread": "2024-06-13 03:58:47 +0000",
      "rotten_flesh": "2024-06-12 23:46:13 +0000",
      "salmon": "2024-06-13 03:27:57 +0000",
      "melon_slice": "2024-06-13 03:28:27 +0000",
      "cooked_chicken": "2024-06-12 22:30:29 +0000"
    },
    "done": false
  },
  "minecraft:husbandry/root": {
    "criteria": {
      "consumed_item": "2024-06-12 22:30:29 +0000"
    },
    "done": true
  },
  "mca:recipes/misc/comb": {
    "criteria": {
      "has_item": "2024-06-12 22:40:43 +0000"
    },
    "done": true
  },
  "mca:recipes/misc/needle_and_thread": {
    "criteria": {
      "has_item": "2024-06-12 22:40:43 +0000"
    },
    "done": true
  },
  "mca:recipes/misc/whistle": {
    "criteria": {
      "has_item": "2024-06-12 22:40:43 +0000"
    },
    "done": true
  },
  "minecraft:story/smelt_iron": {
    "criteria": {
      "iron": "2024-06-12 22:40:43 +0000"
    },
    "done": true
  },
  "minecraft:story/iron_tools": {
    "criteria": {
      "iron_pickaxe": "2024-06-12 22:41:47 +0000"
    },
    "done": true
  },
  "mca:recipes/misc/rose_gold_dust": {
    "criteria": {
      "has_item": "2024-06-12 22:48:25 +0000"
    },
    "done": true
  },
  "minecraft:story/obtain_armor": {
    "criteria": {
      "iron_helmet": "2024-06-12 22:51:29 +0000"
    },
    "done": true
  },
  "minecraft:story/mine_diamond": {
    "criteria": {
      "diamond": "2024-06-12 23:07:44 +0000"
    },
    "done": true
  },
  "minecraft:adventure/avoid_vibration": {
    "criteria": {
      "avoid_vibration": "2024-06-12 23:15:59 +0000"
    },
    "done": true
  },
  "minecraft:story/deflect_arrow": {
    "criteria": {
      "deflected_projectile": "2024-06-12 23:24:19 +0000"
    },
    "done": true
  },
  "quark:get_forgotten_hat": {
    "criteria": {
      "get_forgotten_hat": "2024-06-12 23:26:31 +0000"
    },
    "done": true
  },
  "minecraft:husbandry/tame_an_animal": {
    "criteria": {
      "tamed_animal": "2024-06-12 23:49:23 +0000"
    },
    "done": true
  },
  "minecraft:adventure/sleep_in_bed": {
    "criteria": {
      "slept_in_bed": "2024-06-12 23:52:10 +0000"
    },
    "done": true
  },
  "quark:crawl_in_hollow_log": {
    "criteria": {
      "crawl_in_hollow_log": "2024-06-13 00:00:18 +0000"
    },
    "done": true
  },
  "biomesoplenty:biomesoplenty/all_biomes": {
    "criteria": {
      "woodland": "2024-06-13 02:32:26 +0000",
      "shrubland": "2024-06-13 00:01:21 +0000",
      "rocky_shrubland": "2024-06-13 02:31:03 +0000",
      "scrubland": "2024-06-13 00:02:43 +0000",
      "highland": "2024-06-13 03:31:45 +0000",
      "jade_cliffs": "2024-06-13 03:55:50 +0000",
      "clover_patch": "2024-06-13 03:18:00 +0000",
      "mystic_grove": "2024-06-13 03:43:27 +0000",
      "old_growth_woodland": "2024-06-13 02:32:30 +0000",
      "maple_woods": "2024-06-13 04:03:35 +0000",
      "field": "2024-06-13 04:11:38 +0000",
      "orchard": "2024-06-13 04:18:03 +0000",
      "lavender_forest": "2024-06-13 04:18:10 +0000",
      "moor": "2024-06-13 02:31:43 +0000",
      "mediterranean_forest": "2024-06-13 02:54:49 +0000",
      "coniferous_forest": "2024-06-13 04:25:10 +0000",
      "forested_field": "2024-06-13 04:12:43 +0000",
      "wasteland": "2024-06-13 02:58:40 +0000",
      "lush_desert": "2024-06-13 03:05:13 +0000",
      "seasonal_forest": "2024-06-13 04:05:39 +0000",
      "rocky_rainforest": "2024-06-13 02:32:02 +0000",
      "pasture": "2024-06-13 04:30:38 +0000",
      "pumpkin_patch": "2024-06-13 04:04:48 +0000",
      "grassland": "2024-06-13 03:28:47 +0000",
      "rainforest": "2024-06-13 03:17:42 +0000",
      "ominous_woods": "2024-06-13 04:01:32 +0000"
    },
    "done": false
  },
  "mca:root": {
    "criteria": {
      "village_plains": "2024-06-13 00:01:21 +0000"
    },
    "done": true
  },
  "biomesoplenty:biomesoplenty/root": {
    "criteria": {
      "shrubland": "2024-06-13 00:01:21 +0000"
    },
    "done": true
  },
  "mca:recipes/misc/bouquet": {
    "criteria": {
      "has_item": "2024-06-13 00:01:35 +0000"
    },
    "done": true
  },
  "minecraft:husbandry/bred_all_animals": {
    "criteria": {
      "minecraft:chicken": "2024-06-13 02:34:56 +0000"
    },
    "done": false
  },
  "minecraft:husbandry/breed_an_animal": {
    "criteria": {
      "bred": "2024-06-13 02:34:56 +0000"
    },
    "done": true
  },
  "quark:get_all_blossom_saplings": {
    "criteria": {
      "orange": "2024-06-13 02:57:09 +0000"
    },
    "done": false
  },
  "minecraft:story/form_obsidian": {
    "criteria": {
      "obsidian": "2024-06-13 03:27:32 +0000"
    },
    "done": true
  },
  "mca:recipes/misc/books": {
    "criteria": {
      "has_item": "2024-06-13 03:49:31 +0000"
    },
    "done": true
  },
  "mca:recipes/misc/blueprint": {
    "criteria": {
      "has_item": "2024-06-13 03:49:31 +0000"
    },
    "done": true
  },
  "minecraft:adventure/walk_on_powder_snow_with_leather_boots": {
    "criteria": {
      "walk_on_powder_snow_with_leather_boots": "2024-06-13 03:56:31 +0000"
    },
    "done": true
  },
  "alexsmobs:alexsmobs/seagull_steal": {
    "criteria": {
      "ex": "2024-06-13 04:03:27 +0000"
    },
    "done": true
  },
  "alexsmobs:alexsmobs/banana_slug": {
    "criteria": {
      "killed": "2024-06-13 04:13:32 +0000"
    },
    "done": true
  },
  "minecraft:husbandry/complete_catalogue": {
    "criteria": {
      "minecraft:white": "2024-06-13 04:29:13 +0000"
    },
    "done": false
  },
  "mca:friend": {
    "criteria": {
      "baby": "2024-06-13 04:52:49 +0000"
    },
    "done": true
  },
  "DataVersion": 3465
}