{
  "minecraft:husbandry/root": {
    "criteria": {
      "consumed_item": "2024-05-31 00:51:36 +0000"
    },
    "done": true
  },
  "alexsmobs:alexsmobs/root": {
    "criteria": {
      "useitem": "2024-05-31 00:51:36 +0000"
    },
    "done": true
  },
  "mca:recipes/building_blocks/headstones": {
    "criteria": {
      "has_the_cross_recipe": "2024-05-31 00:50:42 +0000"
    },
    "done": true
  },
  "minecraft:adventure/adventuring_time": {
    "criteria": {
      "minecraft:bamboo_jungle": "2024-05-31 00:50:43 +0000",
      "minecraft:sparse_jungle": "2024-05-31 00:51:25 +0000"
    },
    "done": false
  },
  "DataVersion": 3465
}