{
  "mca:recipes/building_blocks/headstones": {
    "criteria": {
      "has_the_cross_recipe": "2024-06-12 21:09:20 +0000"
    },
    "done": true
  },
  "minecraft:adventure/adventuring_time": {
    "criteria": {
      "minecraft:cherry_grove": "2024-06-12 21:47:34 +0000",
      "minecraft:sunflower_plains": "2024-06-12 21:45:12 +0000",
      "minecraft:birch_forest": "2024-06-12 21:12:41 +0000",
      "minecraft:beach": "2024-06-12 21:12:42 +0000",
      "minecraft:sparse_jungle": "2024-06-12 21:09:23 +0000",
      "minecraft:lukewarm_ocean": "2024-06-12 21:15:30 +0000",
      "minecraft:river": "2024-06-12 21:12:39 +0000",
      "minecraft:cold_ocean": "2024-06-12 21:43:51 +0000",
      "minecraft:jungle": "2024-06-12 21:30:30 +0000",
      "minecraft:ocean": "2024-06-12 21:43:00 +0000",
      "minecraft:windswept_savanna": "2024-06-12 21:13:07 +0000",
      "minecraft:old_growth_birch_forest": "2024-06-12 21:12:30 +0000",
      "minecraft:plains": "2024-06-12 21:44:08 +0000"
    },
    "done": false
  },
  "biomesoplenty:biomesoplenty/all_biomes": {
    "criteria": {
      "clover_patch": "2024-06-12 21:35:02 +0000",
      "redwood_forest": "2024-06-12 21:37:25 +0000"
    },
    "done": false
  },
  "minecraft:adventure/root": {
    "criteria": {
      "killed_something": "2024-06-12 21:30:02 +0000"
    },
    "done": true
  },
  "minecraft:adventure/kill_all_mobs": {
    "criteria": {
      "minecraft:spider": "2024-06-12 21:32:29 +0000",
      "minecraft:zombie": "2024-06-12 21:30:02 +0000"
    },
    "done": false
  },
  "minecraft:adventure/kill_a_mob": {
    "criteria": {
      "minecraft:zombie": "2024-06-12 21:30:02 +0000"
    },
    "done": true
  },
  "minecraft:husbandry/balanced_diet": {
    "criteria": {
      "cooked_mutton": "2024-06-12 21:35:25 +0000",
      "cooked_beef": "2024-06-12 21:36:12 +0000"
    },
    "done": false
  },
  "minecraft:story/mine_stone": {
    "criteria": {
      "get_stone": "2024-06-12 21:32:36 +0000"
    },
    "done": true
  },
  "minecraft:husbandry/root": {
    "criteria": {
      "consumed_item": "2024-06-12 21:35:25 +0000"
    },
    "done": true
  },
  "minecraft:story/upgrade_tools": {
    "criteria": {
      "stone_pickaxe": "2024-06-12 21:32:55 +0000"
    },
    "done": true
  },
  "biomesoplenty:biomesoplenty/root": {
    "criteria": {
      "clover_patch": "2024-06-12 21:35:02 +0000"
    },
    "done": true
  },
  "minecraft:story/root": {
    "criteria": {
      "crafting_table": "2024-06-12 21:29:25 +0000"
    },
    "done": true
  },
  "mca:recipes/misc/potions": {
    "criteria": {
      "has_item": "2024-06-12 21:34:04 +0000"
    },
    "done": true
  },
  "DataVersion": 3465
}