{
  "minecraft:adventure/adventuring_time": {
    "criteria": {
      "minecraft:bamboo_jungle": "2024-05-30 02:16:43 +0000",
      "minecraft:wooded_badlands": "2024-05-30 02:15:48 +0000",
      "minecraft:beach": "2024-05-30 00:50:32 +0000",
      "minecraft:mangrove_swamp": "2024-05-29 17:02:54 +0000",
      "minecraft:sparse_jungle": "2024-05-30 02:16:56 +0000",
      "minecraft:lukewarm_ocean": "2024-05-30 01:00:45 +0000",
      "minecraft:river": "2024-05-30 00:50:35 +0000",
      "minecraft:forest": "2024-05-30 02:16:11 +0000",
      "minecraft:desert": "2024-05-30 02:15:43 +0000",
      "minecraft:jungle": "2024-05-29 17:04:17 +0000"
    },
    "done": false
  },
  "minecraft:adventure/kill_all_mobs": {
    "criteria": {
      "minecraft:skeleton": "2024-05-30 03:51:31 +0000",
      "minecraft:creeper": "2024-05-30 02:21:03 +0000",
      "minecraft:zombie": "2024-05-30 03:29:19 +0000"
    },
    "done": false
  },
  "minecraft:adventure/root": {
    "criteria": {
      "killed_something": "2024-05-30 02:21:03 +0000"
    },
    "done": true
  },
  "minecraft:adventure/kill_a_mob": {
    "criteria": {
      "minecraft:creeper": "2024-05-30 02:21:03 +0000"
    },
    "done": true
  },
  "mca:recipes/misc/needle_and_thread": {
    "criteria": {
      "has_item": "2024-05-30 03:28:29 +0000"
    },
    "done": true
  },
  "mca:recipes/building_blocks/headstones": {
    "criteria": {
      "has_the_upright_recipe": "2024-05-30 03:28:29 +0000"
    },
    "done": true
  },
  "DataVersion": 3465
}