{
  "mca:recipes/building_blocks/headstones": {
    "criteria": {
      "has_the_slanted_recipe": "2024-06-12 22:20:55 +0000"
    },
    "done": true
  },
  "minecraft:adventure/adventuring_time": {
    "criteria": {
      "minecraft:river": "2024-06-12 23:08:37 +0000",
      "minecraft:stony_shore": "2024-06-12 22:24:51 +0000",
      "minecraft:grove": "2024-06-12 22:37:58 +0000",
      "minecraft:cold_ocean": "2024-06-12 23:42:49 +0000",
      "minecraft:forest": "2024-06-12 22:20:55 +0000",
      "minecraft:ocean": "2024-06-12 23:24:54 +0000",
      "minecraft:deep_dark": "2024-06-12 23:11:55 +0000",
      "minecraft:plains": "2024-06-12 22:41:11 +0000"
    },
    "done": false
  },
  "minecraft:story/upgrade_tools": {
    "criteria": {
      "stone_pickaxe": "2024-06-12 22:41:08 +0000"
    },
    "done": true
  },
  "minecraft:adventure/root": {
    "criteria": {
      "killed_something": "2024-06-12 22:41:22 +0000"
    },
    "done": true
  },
  "minecraft:adventure/kill_all_mobs": {
    "criteria": {
      "minecraft:skeleton": "2024-06-12 22:46:36 +0000",
      "minecraft:spider": "2024-06-12 22:57:36 +0000",
      "minecraft:creeper": "2024-06-12 22:41:22 +0000",
      "quark:forgotten": "2024-06-12 23:19:27 +0000",
      "minecraft:zombie": "2024-06-12 22:50:46 +0000"
    },
    "done": false
  },
  "minecraft:adventure/kill_a_mob": {
    "criteria": {
      "minecraft:creeper": "2024-06-12 22:41:22 +0000"
    },
    "done": true
  },
  "minecraft:story/mine_stone": {
    "criteria": {
      "get_stone": "2024-06-12 22:41:44 +0000"
    },
    "done": true
  },
  "minecraft:story/iron_tools": {
    "criteria": {
      "iron_pickaxe": "2024-06-12 22:42:25 +0000"
    },
    "done": true
  },
  "minecraft:husbandry/balanced_diet": {
    "criteria": {
      "cooked_porkchop": "2024-06-12 22:44:59 +0000",
      "cooked_mutton": "2024-06-12 22:59:09 +0000",
      "cooked_beef": "2024-06-13 19:26:32 +0000",
      "apple": "2024-06-13 19:38:31 +0000",
      "bread": "2024-06-12 22:55:03 +0000",
      "rotten_flesh": "2024-06-12 23:43:23 +0000",
      "cooked_chicken": "2024-06-13 19:24:26 +0000"
    },
    "done": false
  },
  "minecraft:husbandry/root": {
    "criteria": {
      "consumed_item": "2024-06-12 22:44:59 +0000"
    },
    "done": true
  },
  "mca:recipes/misc/rose_gold_dust": {
    "criteria": {
      "has_item": "2024-06-12 22:49:27 +0000"
    },
    "done": true
  },
  "quark:mine_toretoise": {
    "criteria": {
      "mine_toretoise": "2024-06-12 22:50:51 +0000"
    },
    "done": true
  },
  "minecraft:story/obtain_armor": {
    "criteria": {
      "iron_chestplate": "2024-06-12 22:53:20 +0000"
    },
    "done": true
  },
  "mca:recipes/misc/comb": {
    "criteria": {
      "has_item": "2024-06-12 22:54:54 +0000"
    },
    "done": true
  },
  "mca:recipes/misc/needle_and_thread": {
    "criteria": {
      "has_item": "2024-06-12 22:54:54 +0000"
    },
    "done": true
  },
  "mca:recipes/misc/whistle": {
    "criteria": {
      "has_item": "2024-06-12 22:54:54 +0000"
    },
    "done": true
  },
  "minecraft:story/smelt_iron": {
    "criteria": {
      "iron": "2024-06-12 22:54:54 +0000"
    },
    "done": true
  },
  "minecraft:story/root": {
    "criteria": {
      "crafting_table": "2024-06-12 23:06:33 +0000"
    },
    "done": true
  },
  "minecraft:adventure/avoid_vibration": {
    "criteria": {
      "avoid_vibration": "2024-06-12 23:12:13 +0000"
    },
    "done": true
  },
  "minecraft:story/mine_diamond": {
    "criteria": {
      "diamond": "2024-06-12 23:14:25 +0000"
    },
    "done": true
  },
  "minecraft:story/deflect_arrow": {
    "criteria": {
      "deflected_projectile": "2024-06-12 23:19:07 +0000"
    },
    "done": true
  },
  "quark:get_forgotten_hat": {
    "criteria": {
      "get_forgotten_hat": "2024-06-12 23:19:27 +0000"
    },
    "done": true
  },
  "quark:get_diamond_heart": {
    "criteria": {
      "get_diamond_heart": "2024-06-12 23:33:14 +0000"
    },
    "done": true
  },
  "quark:throw_pickarang": {
    "criteria": {
      "throw_pickarang": "2024-06-12 23:35:19 +0000"
    },
    "done": true
  },
  "minecraft:husbandry/tame_an_animal": {
    "criteria": {
      "tamed_animal": "2024-06-12 23:50:19 +0000"
    },
    "done": true
  },
  "quark:crawl_in_hollow_log": {
    "criteria": {
      "crawl_in_hollow_log": "2024-06-13 00:00:08 +0000"
    },
    "done": true
  },
  "biomesoplenty:biomesoplenty/all_biomes": {
    "criteria": {
      "woodland": "2024-06-13 20:30:27 +0000",
      "shrubland": "2024-06-13 00:01:15 +0000",
      "rocky_shrubland": "2024-06-13 00:08:18 +0000",
      "scrubland": "2024-06-13 00:04:11 +0000",
      "old_growth_woodland": "2024-06-13 20:30:42 +0000",
      "moor": "2024-06-13 20:29:09 +0000",
      "rocky_rainforest": "2024-06-13 20:29:25 +0000"
    },
    "done": false
  },
  "mca:root": {
    "criteria": {
      "village_plains": "2024-06-13 00:01:15 +0000"
    },
    "done": true
  },
  "biomesoplenty:biomesoplenty/root": {
    "criteria": {
      "shrubland": "2024-06-13 00:01:15 +0000"
    },
    "done": true
  },
  "mca:recipes/misc/family_tree": {
    "criteria": {
      "has_item": "2024-06-13 00:07:08 +0000"
    },
    "done": true
  },
  "mca:friend": {
    "criteria": {
      "baby": "2024-06-13 19:32:23 +0000"
    },
    "done": true
  },
  "mca:recipes/misc/bouquet": {
    "criteria": {
      "has_item": "2024-06-13 19:32:37 +0000"
    },
    "done": true
  },
  "mca:marriage": {
    "criteria": {
      "iron": "2024-06-13 20:04:30 +0000"
    },
    "done": true
  },
  "mca:chores": {
    "criteria": {
      "baby": "2024-06-13 20:20:24 +0000"
    },
    "done": true
  },
  "mca:recipes/misc/potions": {
    "criteria": {
      "has_item": "2024-06-13 20:23:15 +0000"
    },
    "done": true
  },
  "alexsmobs:alexsmobs/emu": {
    "criteria": {
      "killed_by": "2024-06-13 20:42:51 +0000"
    },
    "done": true
  },
  "DataVersion": 3465
}