{
  "mca:recipes/building_blocks/headstones": {
    "criteria": {
      "has_the_cross_recipe": "2024-05-30 03:38:04 +0000"
    },
    "done": true
  },
  "minecraft:adventure/adventuring_time": {
    "criteria": {
      "minecraft:beach": "2024-05-30 03:50:56 +0000",
      "minecraft:sparse_jungle": "2024-05-30 03:38:06 +0000"
    },
    "done": false
  },
  "minecraft:adventure/root": {
    "criteria": {
      "killed_by_something": "2024-05-30 03:50:17 +0000"
    },
    "done": true
  },
  "DataVersion": 3465
}