{
  "mca:recipes/building_blocks/headstones": {
    "criteria": {
      "has_the_slanted_recipe": "2024-06-12 23:50:59 +0000"
    },
    "done": true
  },
  "minecraft:adventure/adventuring_time": {
    "criteria": {
      "minecraft:river": "2024-06-13 19:43:34 +0000",
      "minecraft:stony_shore": "2024-06-13 00:07:56 +0000",
      "minecraft:grove": "2024-06-12 23:53:41 +0000",
      "minecraft:forest": "2024-06-12 23:51:00 +0000",
      "minecraft:deep_dark": "2024-06-13 00:12:30 +0000"
    },
    "done": false
  },
  "minecraft:husbandry/root": {
    "criteria": {
      "consumed_item": "2024-06-12 23:52:47 +0000"
    },
    "done": true
  },
  "alexsmobs:alexsmobs/root": {
    "criteria": {
      "useitem": "2024-06-12 23:52:47 +0000"
    },
    "done": true
  },
  "minecraft:story/mine_stone": {
    "criteria": {
      "get_stone": "2024-06-13 00:00:29 +0000"
    },
    "done": true
  },
  "minecraft:story/root": {
    "criteria": {
      "crafting_table": "2024-06-13 00:02:56 +0000"
    },
    "done": true
  },
  "minecraft:story/mine_diamond": {
    "criteria": {
      "diamond": "2024-06-13 00:06:55 +0000"
    },
    "done": true
  },
  "minecraft:adventure/root": {
    "criteria": {
      "killed_by_something": "2024-06-13 00:07:51 +0000"
    },
    "done": true
  },
  "minecraft:adventure/kill_all_mobs": {
    "criteria": {
      "minecraft:skeleton": "2024-06-13 00:08:34 +0000",
      "minecraft:spider": "2024-06-13 19:23:39 +0000",
      "minecraft:creeper": "2024-06-13 19:30:36 +0000",
      "minecraft:witch": "2024-06-13 19:34:38 +0000",
      "minecraft:cave_spider": "2024-06-13 19:25:05 +0000",
      "minecraft:zombie": "2024-06-13 19:24:47 +0000"
    },
    "done": false
  },
  "minecraft:adventure/kill_a_mob": {
    "criteria": {
      "minecraft:skeleton": "2024-06-13 00:08:34 +0000"
    },
    "done": true
  },
  "biomesoplenty:biomesoplenty/all_biomes": {
    "criteria": {
      "woodland": "2024-06-13 19:43:43 +0000",
      "shrubland": "2024-06-13 19:09:20 +0000",
      "rocky_shrubland": "2024-06-13 19:22:13 +0000",
      "scrubland": "2024-06-13 19:10:39 +0000",
      "old_growth_woodland": "2024-06-13 19:19:44 +0000",
      "rainforest": "2024-06-13 19:32:36 +0000"
    },
    "done": false
  },
  "biomesoplenty:biomesoplenty/root": {
    "criteria": {
      "shrubland": "2024-06-13 19:09:20 +0000"
    },
    "done": true
  },
  "mca:root": {
    "criteria": {
      "village_plains": "2024-06-13 19:09:47 +0000"
    },
    "done": true
  },
  "mca:recipes/misc/comb": {
    "criteria": {
      "has_item": "2024-06-13 19:14:10 +0000"
    },
    "done": true
  },
  "mca:recipes/misc/needle_and_thread": {
    "criteria": {
      "has_item": "2024-06-13 19:14:10 +0000"
    },
    "done": true
  },
  "mca:recipes/misc/whistle": {
    "criteria": {
      "has_item": "2024-06-13 19:14:10 +0000"
    },
    "done": true
  },
  "minecraft:story/smelt_iron": {
    "criteria": {
      "iron": "2024-06-13 19:14:10 +0000"
    },
    "done": true
  },
  "minecraft:story/iron_tools": {
    "criteria": {
      "iron_pickaxe": "2024-06-13 19:14:56 +0000"
    },
    "done": true
  },
  "minecraft:story/obtain_armor": {
    "criteria": {
      "iron_chestplate": "2024-06-13 19:15:35 +0000"
    },
    "done": true
  },
  "minecraft:husbandry/balanced_diet": {
    "criteria": {
      "cooked_mutton": "2024-06-13 19:32:10 +0000",
      "cooked_beef": "2024-06-13 19:20:57 +0000",
      "bread": "2024-06-13 19:35:21 +0000",
      "melon_slice": "2024-06-13 19:32:59 +0000"
    },
    "done": false
  },
  "mca:recipes/misc/rose_gold_dust": {
    "criteria": {
      "has_item": "2024-06-13 19:25:57 +0000"
    },
    "done": true
  },
  "minecraft:adventure/avoid_vibration": {
    "criteria": {
      "avoid_vibration": "2024-06-13 19:26:43 +0000"
    },
    "done": true
  },
  "mca:recipes/misc/family_tree": {
    "criteria": {
      "has_item": "2024-06-13 19:42:15 +0000"
    },
    "done": true
  },
  "DataVersion": 3465
}