{
  "biomesoplenty:biomesoplenty/all_biomes": {
    "criteria": {
      "shrubland": "2024-06-12 21:39:36 +0000",
      "rocky_shrubland": "2024-06-12 21:39:04 +0000",
      "clover_patch": "2024-06-12 21:40:13 +0000",
      "redwood_forest": "2024-06-12 21:39:37 +0000"
    },
    "done": false
  },
  "minecraft:adventure/root": {
    "criteria": {
      "killed_something": "2024-06-12 21:35:02 +0000"
    },
    "done": true
  },
  "mca:recipes/building_blocks/headstones": {
    "criteria": {
      "has_the_upright_recipe": "2024-06-12 21:32:10 +0000"
    },
    "done": true
  },
  "alexsmobs:alexsmobs/seagull_steal": {
    "criteria": {
      "ex": "2024-06-12 21:39:09 +0000"
    },
    "done": true
  },
  "minecraft:adventure/adventuring_time": {
    "criteria": {
      "minecraft:cherry_grove": "2024-06-12 21:46:02 +0000",
      "minecraft:sunflower_plains": "2024-06-12 21:44:58 +0000",
      "minecraft:birch_forest": "2024-06-12 21:32:38 +0000",
      "minecraft:beach": "2024-06-12 21:32:11 +0000",
      "minecraft:sparse_jungle": "2024-06-12 21:34:52 +0000",
      "minecraft:river": "2024-06-12 21:34:11 +0000",
      "minecraft:forest": "2024-06-12 21:36:15 +0000",
      "minecraft:windswept_savanna": "2024-06-12 21:34:31 +0000",
      "minecraft:old_growth_birch_forest": "2024-06-12 21:34:58 +0000",
      "minecraft:plains": "2024-06-12 21:44:16 +0000"
    },
    "done": false
  },
  "minecraft:husbandry/balanced_diet": {
    "criteria": {
      "chicken": "2024-06-12 21:41:35 +0000",
      "beef": "2024-06-12 21:42:16 +0000",
      "porkchop": "2024-06-12 21:35:06 +0000",
      "mutton": "2024-06-12 21:36:58 +0000"
    },
    "done": false
  },
  "minecraft:story/mine_stone": {
    "criteria": {
      "get_stone": "2024-06-12 21:34:29 +0000"
    },
    "done": true
  },
  "minecraft:husbandry/root": {
    "criteria": {
      "consumed_item": "2024-06-12 21:35:06 +0000"
    },
    "done": true
  },
  "minecraft:story/upgrade_tools": {
    "criteria": {
      "stone_pickaxe": "2024-06-12 21:34:43 +0000"
    },
    "done": true
  },
  "biomesoplenty:biomesoplenty/root": {
    "criteria": {
      "rocky_shrubland": "2024-06-12 21:39:04 +0000"
    },
    "done": true
  },
  "minecraft:story/root": {
    "criteria": {
      "crafting_table": "2024-06-12 21:33:58 +0000"
    },
    "done": true
  },
  "DataVersion": 3465
}