{
  "mca:recipes/building_blocks/headstones": {
    "criteria": {
      "has_the_slanted_recipe": "2024-06-12 22:30:53 +0000"
    },
    "done": true
  },
  "minecraft:adventure/adventuring_time": {
    "criteria": {
      "minecraft:sunflower_plains": "2024-06-12 23:59:19 +0000",
      "minecraft:river": "2024-06-12 23:36:24 +0000",
      "minecraft:stony_shore": "2024-06-12 23:31:28 +0000",
      "minecraft:grove": "2024-06-12 23:48:36 +0000",
      "minecraft:cold_ocean": "2024-06-12 23:36:43 +0000",
      "minecraft:forest": "2024-06-12 22:30:54 +0000",
      "minecraft:ocean": "2024-06-12 23:36:39 +0000",
      "minecraft:flower_forest": "2024-06-12 23:52:37 +0000",
      "minecraft:deep_dark": "2024-06-13 00:14:09 +0000",
      "minecraft:plains": "2024-06-12 23:51:48 +0000"
    },
    "done": false
  },
  "minecraft:adventure/root": {
    "criteria": {
      "killed_something": "2024-06-12 23:34:03 +0000"
    },
    "done": true
  },
  "minecraft:story/root": {
    "criteria": {
      "crafting_table": "2024-06-12 23:35:24 +0000"
    },
    "done": true
  },
  "minecraft:husbandry/balanced_diet": {
    "criteria": {
      "cooked_mutton": "2024-06-12 23:48:03 +0000",
      "beef": "2024-06-12 23:57:31 +0000",
      "porkchop": "2024-06-12 23:39:12 +0000",
      "mutton": "2024-06-13 00:17:05 +0000",
      "bread": "2024-06-13 00:19:00 +0000"
    },
    "done": false
  },
  "minecraft:husbandry/root": {
    "criteria": {
      "consumed_item": "2024-06-12 23:39:12 +0000"
    },
    "done": true
  },
  "minecraft:story/mine_stone": {
    "criteria": {
      "get_stone": "2024-06-12 23:39:35 +0000"
    },
    "done": true
  },
  "minecraft:story/upgrade_tools": {
    "criteria": {
      "stone_pickaxe": "2024-06-12 23:39:49 +0000"
    },
    "done": true
  },
  "mca:recipes/misc/needle_and_thread": {
    "criteria": {
      "has_item": "2024-06-12 23:43:13 +0000"
    },
    "done": true
  },
  "mca:recipes/misc/family_tree": {
    "criteria": {
      "has_item": "2024-06-12 23:49:08 +0000"
    },
    "done": true
  },
  "biomesoplenty:biomesoplenty/all_biomes": {
    "criteria": {
      "woodland": "2024-06-13 00:12:21 +0000",
      "shrubland": "2024-06-12 23:51:58 +0000",
      "rocky_shrubland": "2024-06-13 19:23:50 +0000",
      "scrubland": "2024-06-13 00:02:39 +0000",
      "old_growth_woodland": "2024-06-13 00:04:22 +0000",
      "mediterranean_forest": "2024-06-13 00:12:14 +0000",
      "pasture": "2024-06-12 23:59:20 +0000",
      "prairie": "2024-06-12 23:54:15 +0000"
    },
    "done": false
  },
  "biomesoplenty:biomesoplenty/root": {
    "criteria": {
      "shrubland": "2024-06-12 23:51:58 +0000"
    },
    "done": true
  },
  "quark:crawl_in_hollow_log": {
    "criteria": {
      "crawl_in_hollow_log": "2024-06-12 23:58:15 +0000"
    },
    "done": true
  },
  "mca:root": {
    "criteria": {
      "village_plains": "2024-06-12 23:59:58 +0000"
    },
    "done": true
  },
  "mca:recipes/misc/books": {
    "criteria": {
      "has_item": "2024-06-13 00:00:10 +0000"
    },
    "done": true
  },
  "mca:recipes/misc/blueprint": {
    "criteria": {
      "has_item": "2024-06-13 00:00:10 +0000"
    },
    "done": true
  },
  "mca:recipes/misc/comb": {
    "criteria": {
      "has_item": "2024-06-13 00:04:04 +0000"
    },
    "done": true
  },
  "mca:recipes/misc/whistle": {
    "criteria": {
      "has_item": "2024-06-13 00:04:04 +0000"
    },
    "done": true
  },
  "minecraft:story/smelt_iron": {
    "criteria": {
      "iron": "2024-06-13 00:04:04 +0000"
    },
    "done": true
  },
  "minecraft:story/iron_tools": {
    "criteria": {
      "iron_pickaxe": "2024-06-13 00:11:13 +0000"
    },
    "done": true
  },
  "minecraft:story/mine_diamond": {
    "criteria": {
      "diamond": "2024-06-13 00:14:14 +0000"
    },
    "done": true
  },
  "minecraft:adventure/kill_all_mobs": {
    "criteria": {
      "minecraft:skeleton": "2024-06-13 02:31:59 +0000",
      "minecraft:zombie": "2024-06-13 02:50:57 +0000"
    },
    "done": false
  },
  "minecraft:adventure/kill_a_mob": {
    "criteria": {
      "minecraft:skeleton": "2024-06-13 02:31:59 +0000"
    },
    "done": true
  },
  "minecraft:story/obtain_armor": {
    "criteria": {
      "iron_chestplate": "2024-06-13 02:36:18 +0000"
    },
    "done": true
  },
  "quark:get_all_corundum": {
    "criteria": {
      "indigo": "2024-06-13 19:25:52 +0000"
    },
    "done": false
  },
  "mca:recipes/misc/bouquet": {
    "criteria": {
      "has_item": "2024-06-13 20:13:06 +0000"
    },
    "done": true
  },
  "alexsmobs:alexsmobs/kangaroo": {
    "criteria": {
      "killed_by": "2024-06-13 20:28:47 +0000"
    },
    "done": true
  },
  "DataVersion": 3465
}