{
  "biomesoplenty:biomesoplenty/all_biomes": {
    "criteria": {
      "rocky_shrubland": "2024-06-12 21:39:09 +0000",
      "clover_patch": "2024-06-12 21:40:17 +0000",
      "redwood_forest": "2024-06-12 21:39:56 +0000"
    },
    "done": false
  },
  "minecraft:adventure/root": {
    "criteria": {
      "killed_something": "2024-06-12 21:44:32 +0000"
    },
    "done": true
  },
  "mca:recipes/building_blocks/headstones": {
    "criteria": {
      "has_the_upright_recipe": "2024-06-12 21:33:00 +0000"
    },
    "done": true
  },
  "minecraft:adventure/adventuring_time": {
    "criteria": {
      "minecraft:sunflower_plains": "2024-06-12 21:45:16 +0000",
      "minecraft:birch_forest": "2024-06-12 21:41:07 +0000",
      "minecraft:beach": "2024-06-12 21:33:01 +0000",
      "minecraft:sparse_jungle": "2024-06-12 21:34:31 +0000",
      "minecraft:river": "2024-06-12 21:34:13 +0000",
      "minecraft:forest": "2024-06-12 21:38:47 +0000",
      "minecraft:ocean": "2024-06-12 21:49:19 +0000",
      "minecraft:windswept_savanna": "2024-06-12 21:34:26 +0000",
      "minecraft:old_growth_birch_forest": "2024-06-12 21:34:37 +0000",
      "minecraft:plains": "2024-06-12 21:44:20 +0000"
    },
    "done": false
  },
  "minecraft:husbandry/balanced_diet": {
    "criteria": {
      "chicken": "2024-06-12 21:44:36 +0000"
    },
    "done": false
  },
  "minecraft:story/mine_stone": {
    "criteria": {
      "get_stone": "2024-06-12 21:36:03 +0000"
    },
    "done": true
  },
  "minecraft:husbandry/root": {
    "criteria": {
      "consumed_item": "2024-06-12 21:33:39 +0000"
    },
    "done": true
  },
  "minecraft:story/upgrade_tools": {
    "criteria": {
      "stone_pickaxe": "2024-06-12 21:36:21 +0000"
    },
    "done": true
  },
  "alexsmobs:alexsmobs/root": {
    "criteria": {
      "useitem": "2024-06-12 21:33:39 +0000"
    },
    "done": true
  },
  "biomesoplenty:biomesoplenty/root": {
    "criteria": {
      "rocky_shrubland": "2024-06-12 21:39:09 +0000"
    },
    "done": true
  },
  "minecraft:story/root": {
    "criteria": {
      "crafting_table": "2024-06-12 21:35:12 +0000"
    },
    "done": true
  },
  "mca:recipes/misc/potions": {
    "criteria": {
      "has_item": "2024-06-12 21:41:10 +0000"
    },
    "done": true
  },
  "DataVersion": 3465
}